PDB,Strand,Sequence,Secondary
8GXC,>strand_A,gGAGCGUUACGUCCGAAAGUCGCAUUGCACUCCGCGACACGGCUCUUUAAAAACAAAAGGA,((((((...[[[[[....(((((..........))))).).)))))............]]]
8GXC,>strand_B,gGAGCGUUACGUCCGAAAGUCGCAUUGCACUCCGCGACACGGCUCUUUAAAAACAAAAGGA,((((((...]][[[....(((((..........))))).).)))))............]]]
9BUN,>strand_A,GGACUCGGAAACGUGAAGGAGAGGCGCAAGGUUAACCGCCUCAGUCCA,(((((((....))([...[)((((((]........]))))))))))).
9BUN,>strand_D,GGACUCGGAAACGUGAAGGAGAGGCGCAAGGUUAACCGCCUCAGUCCA,(((((((....))([...[)((((((]........]))))))))))).
9BUN,>strand_B,GGACUCGGAAACGUGAAGGAGAGGCGCAAGGUUAACCGCCUCAGUCCA,(((((((....))([...[)((((((]........]))))))))))).
9BUN,>strand_C,GGACUCGGAAACGUGAAGGAGAGGCGCAAGGUUAACCGCCUCAGUCCA,(((((((....))([...[)((((((]........]))))))))))).
3DIL,>strand_A,gGCCGACGGAGGCGCGCCCGAGAUGAGUAGGCUGUCCCAUCAGGGGAGGAAUCGGGGACGGCUGAAAGGCGAGGGCGCCGAAGGGUGCAGAGUUCCUCCCGCUCUGCAUGCCUGGGGGUAUGGGGAAUACCCAUACCACUGUCACGGAGGUCUCUCCGUGGAGAGCCGUCGGUc,(((((((((..(.((((((..(.......(((((((((..(..[[[[[[....))))))))))......)..)))))))..((((((((((((.]]]]]]))))))))).)))((.((((((((.....)))))))).)).((((((((....))))))))....)))))))))
8FZA,>strand_A,uUGGGUUCCCUCACCCCAAUCAUAAAAAGG,.((((...[[[...)))).........]]]
8FZA,>strand_B,uUGGGUUCCCUCACCCCAAUCAuAAAAAGG,.((((...[[[...))))..--.....]]]
4Y1I,>strand_A,AAAGGGGAGUAGCGUCGGGAAACCGAAACAAAGUCGUCAAUUCGUGAGGAAACUCACCGGCUUUGUUGACAUACGAAAGUAUGUUUAGCAAGACCUUUCC,(((((......((.((((....))))((((((((((.......(((((....)))))))))))))))(((((((....)))))))..))....)))))(.
4Y1I,>strand_B,AAAGGGGAGUAGCGUCGGGAAACCGAAACAAAGUCGUCAAUUCGUGAGGAAACUCACCGGCUUUGUUGACAUACGAAAGUAUGUUUAGCAAGACCUUUCC,(((((......((.((((....))))((((((((((.......(((((....)))))))))))))))(((((((....)))))))..))....)))))[.
4Y1I,>strand_a,gg,)]
6C63,>strand_A,gCGUACGAAGGAGAGGAGAGGAAGAGGAGAGUACGC,((((((........................))))))
6C63,>strand_B,gCGUACGAAGGAGAGGAGAGGAAGAGGAGAGUACGC,((((((........................))))))
6C63,>strand_C,GUACGAAGGAGAGGAGAGGaAGAGGaGAGUAC,..((........................))..
4XBF,>strand_D,uUAGg,.....
4XBF,>strand_a,u,.
6UFH,>strand_B,gGGCCUAUAGCUCAGGCGGUUAGAGCGCUUCGCUGAUAACGAAGAGGUCGGAGGUUCAAGUCCUCCUAGGCCCGCCa,(((((((..((((.....[...)))).(((((..{{{..))))).....(((((..]....))))))))))))[[[[
6UFH,>strand_A,gGCAUCGAUCCGGCGAUCACCGGGGAGCCUUCGGAAGAACGGCCGGAAACGGCCCAGUAGAACCGAACGGGUUGGCCCGUCACAGCCUCAAGUCGAGCGGCCGCGCGAAAGCGUGGCAAGCGGGGUGGCACCGCGGCGUUCGCGCGAAAGCGUGGCGUCGUCCCCGc,.((......((((..}}}.))))...)).(((((......(((((....)))))........))))).[[...(((]]......)))............(((((((....)))))))..((((((]]]]...(((((((.(((((....))))))))))))))))))
484D,>strand_B,gGUGUCUUGGAGUGCUGAUCGGACACC,(((((((..((.......)))))))))
2RN1,>strand_A,GAGCCCUGGGAGGCUC,((((([[[[[[)))))
2RN1,>strand_B,GCUGGUCCCAGACAGC,((((.]]]]]].))))
8D29,>strand_C,gGCGAUACCAGCGAAACACGCCCUUGGCAGCGUC,((((.(.((((((.....)))...))).).))))
8D29,>strand_F,gGCGAUACCAGCGAAACACGCCCUUGGCAGCGUC,((((.(.((((((.....)))...))).).))))
8D29,>strand_J,gGCGAUACCAGCGAAACACGCCCUUGGCAGCGUC,((((...((((((.....)))...)))...))))
8D29,>strand_R,gGCGAUACCAGCGAAACACGCCCUUGGCAGCGUC,((((...((((((.....)))...)))...))))
7EOJ,>strand_A,gGCGCACUGGCGCUGCGCCUUCGGGCGCCAAUCGUAGCGUGUCGGCGCC,(((((.(..((((((((((....))))).......)))))...))))))
5DO4,>strand_A,gGGAAcAAAGcuGAAGuacuuAccc,(((....((((....)..))).)))
5BTP,>strand_B,UAUCAGUUAUAUGACUGACGGAACGUGGAAUUAACCACAUGAAGUAUAACGAUGACAAUGCCGACCGUCUGGGCG,-----.(.((((..(.[[[[[...((((......))))..)..)))).)--------..(((..]]]]]..))).
5BTP,>strand_A,UAUCAgUUAUAUGACUGACGGAACGUGGAAUUAACCACAUGAAGUAUAACGAUGACAAUgCCGACCGUCUGGGCG,-----(((((((..(.[[[[[...((((......))))..)..))))))).--------(((..]]]]]..))).
4R8I,>strand_B,gCACGUCCCUCACCGGUGCAAGUGAAGCCGuGGCUCUGCG,((([...((....(((.....].....))).))...))).
3DS7,>strand_A,gGACAUACAAUCGCGUGGAUAUGGCACGCAAGAUCCCGCCGGGCACCGUAAAUGUCCGACUAUGUCC,((((((((..(.(((((.....[[))))).)[.....)]((((((]].....)))))).[)))))))
3DS7,>strand_B,GGACAUACAAUCGCGUGGAUAUGGCACGCAAGAUCCCGCCGGGCACCGUAAAUGUCCGACUAUGUCC,((((((((..(.(((((.....[[))))).)[.....)]((((((]].....)))))).{)))))))
3DS7,>strand_a,gg,]}
8GXB,>strand_A,gGAGCGUUACGUCCGAAAGUCGCAUUGCACUCCGCGACACGGCUCUUUAAAAACAAAAGGA,((((((...[[[[[....(((((..........))))).).)))))............]]]
8GXB,>strand_B,gGAGCGUUACGUCCGAAAGUCGCAUUGCACUCCGCGACACGGCUCUUUAAAAACAAAAGGA,((((((...]][[[....(((((..........))))).).)))))............]]]
5FJC,>strand_A,gGCUUAUCAAGAGaGGGGGAGUGACUGGCGCGaaGAACCCCGGCAACCAGAAAUGGUGCCAAUUCCUGCAGCGGAAACGUUGAAAGAUGAGCCG,((((((((....(.(((...(((.[.[[)))......))))(((..(((....))).)))...(]].](((((....)))))..))))))))).
5FJC,>strand_a,a,.
2B63,>strand_R,cAGCACUGAUuGCGGuCGAGGUAGCuuGAUG,..(((.....))).((((((....)))))).
4FEO,>strand_B,gGACAUAUAAACGCGUGGAUAUGGCACGCGAGUUUCUACCGGGCACCGUAAAUGUCCGAUUAUGUCC,((((((((...((((((.....[[)))))).[.....)]((((((]].....))))))..)))))))
5NOM,>strand_A,gGUGGGGACGACCCCAcC,(((((((....)))))))
3GES,>strand_A,gGACAUAUAAUCGCGUGGAUAUGGCACGCAAGUUUCUACCGGGCACCGUAAAUGUCCGAUUAUGUCC,((((((((..(.(((((.....[[))))).)[.....)]((((((]].....))))))..)))))))
3Q51,>strand_A,cUGGGUCGCAGUAACCCCAGUUAACAAAACAAG,(((((...[.[.-..))))).........]..]
3UD3,>strand_R,gGUCACGCACAGGGCAAACCAUUCGAAAGAGUGGGACGCAAAGCCUCCGGCCUAAACCAUUGCACUCCGGUAGGUAGCGGGGUUAUCGAUGG,...(.((......((...((((((....))))))..[))...(((.((((((((..((..........))))))).]))))))..[))...)
3UD3,>strand_A,gA,.]
5DDR,>strand_A,cGUUGACCCAGGAAACUGGGCGGAAGUAAGGUCCAUUGCACUCCGGGCCUGAAGCAACGCG,(((((.(((((....)))))..[.....((((((..........))))))....)))))].
5DDR,>strand_B,cGUUGACCCAGGAAACUGGGCGGAAGUAAGGUCCAUUGCACUCCGGGCCUGAAGCAACGCG,(((((.(((((....)))))..[.....((((((..........))))))....)))))].
6E1T,>strand_A,cUGGGUCGCAGUcccCCCAGUUAACAAAACAAG,(((((...[.[....))))).........]..]
4FEL,>strand_B,gGACAUAUAAACGCGUGGAUAUGGCACGCGAGUUUCUACCGGGCACCGUAAAUGUCCGACUAUGUCC,((((((((...((((((.....[[)))))).[.....)]((((((]].....))))))..)))))))
3DIZ,>strand_A,gGCCGACGGAGGCGCGCCCGAGAUGAGUAGGCUGUCCCAUCAGGGGAGGAAUCGGGGACGGCUGAAAGGCGAGGGCGCCGAAGGGUGCAGAGUUCCUCCCGCUCUGCAUGCCUGGGGGUAUGGGGAAUACCCAUACCACUGUCACGGAGGUCUCUCCGUGGAGAGCCGUCGGUc,(((((((((..(.((((((..(.......(((((((((..(..[[[[[[....))))))))))......)..)))))))..((((((((((((.]]]]]]))))))))).)))((.((((((((.....)))))))).)).((((((((....))))))))....)))))))))
4XW7,>strand_A,GGGUCGUGACUGGCGAACAGGUGGGAAACCACCGGGGAGCGACCCUUGCCGCCCGCCUGGGCAA,(((((((..((........(((((....))))).))..)))))))(((((.........)))))
5VJ9,>strand_A,gCGGGGACGACCCUGC,((((((.[[.))))))
5VJ9,>strand_B,gCGGGGACGACCCUGC,((((((.]].))))))
5VJ9,>strand_C,gCGGGGACGACCCUGC,((((((.[[.))))))
5VJ9,>strand_D,gCGGGGACGACCCUGC,((((((.]].))))))
1EXD,>strand_B,gGGGUAUCGCCAAGCGGUAAGGCACCGGAUUCUGAUUCCGGAGGUCGAGGUUCGAAUCCUCGUACCCCAGCCA,((((((..(((.....[...))).(((((.......)))))....(((((..]....))))))))))).....
1EXD,>strand_a,A,.
6E8S,>strand_A,gCUACGAAGGAAGGAUUGGUAUGUGGUAUAUUCGUAGC,((((((((......................))))))))
6E8S,>strand_B,gCUACGAAGGAAGGAUUGGUAUGUGGUAUAUUCGUAGC,((((((((......................))))))))
8HZF,>strand_A,GAAGAUUGUAAACAUGCCGAAAGGCAGACACUUCC,((((..........((((....))))....))))(
8HZF,>strand_a,g,)
8HZF,>strand_B,GAAGAUUGUAAACAUGCCGAAAGGCAGACACUUCC,((((..........((((....))))....)))).
3IVN,>strand_A,gGCCAGUAUAACCUCAAUGAUAUGGUUUGAGGGUGUCUACCAGGAACCGUAAAAUCCUGACUACUGGUC,(((((((((..((((((......[[.))))))[.{...)](((((.]]......))))).}))))))))
3IVN,>strand_B,gGCCAGUAUAACCUCAAUGAUAUGGUUUGAGGGUGUCUACCAGGAACCGUAAAAUCCUGACUACUGGUC,(((((((((..((((((......[[.))))))[.{...)](((((.]]......))))).}))))))))
5FKF,>strand_A,GGCUUAUCAAGAGAGGGCGAGCGACUGGCGCGAAGAUCCCCGGCAACCAGAAAUGGUGCCAAUUCCUGCAGCGGAAACGUUGAAAGAUGAGCCG,((((((((......(((...(((.[.[[)))......))).(((..(((....))).)))...(]].](((((....)))))..))))))))).
5FKF,>strand_a,a,.
5NEQ,>strand_A,gGUGGGGACGACCCCAcC,(((((((....)))))))
6V9B,>strand_B,aUCGAGGGAGUGGUGAGGAuGAGGCGAU,.((((.......................
6V9B,>strand_D,aUCGAGGGAGUGGUGAGGAuGAGGCGa,.))))......................
3B4A,>strand_A,aAGCGCCuGGACUUAAAGCCAUUGCACU,...((((.(((((((((((...------
3B4A,>strand_B,CCGGCUUUAAGUUGACGAGAGCAGGGUUUAUCGAGACAUCGGCGGGUGCCCUGCGGUCUUCCUGCGACCGUUAGAGGACUGGuAAAACCACAGGCGACUGUGGCAUAGAGCAGUCCGGGCAGGAa,--.))))))))))..(((...[[[[[[...)))......)))))...]]]]]][[[[[-((((((]]]]].....((((((......((((((....)))))).......))))))..)))))).
5FK3,>strand_A,gGCUUAUCaAGAGAGGGCGAGCGACUGGCGCGAAGACCCCCGGCAACCAGAAAUGGUGCCAAUUCCUGCAGCGGAAACGUUGAAAGAUGAGCCG,((((((((....(.(((...(((.[.[[)))......))))(((..(((....))).)))...(]].](((((....)))))..))))))))).
5FK3,>strand_a,a,.
3B4C,>strand_A,GCGCCuGGACUUAAAGCCAUUGCACU,.((((.((((((((((((..------
3B4C,>strand_B,CCGGCUUUAAGUUGACGAGGGCAGGGUUUAUCGAGACAUCGGCGGGUGCCCUGCGGUCUUCCUGCGACCGUUAGAGGACUGGuAAAACCACAGGCGACUGUGGCAUAGAGCAGUCCGGGCAGGAA,--)))))))))))..(((...[[[[[[...)))......)))))...]]]]]][[[[.-.(((((.]]]].....((((((......((((((....)))))).......))))))..))))).-
3B4C,>strand_a,a,.
6QN3,>strand_A,cGUUCACCCUUCGGGGCGCAUGAAAUGGGAGUAGGGAACGGGAUUCUCAU,[[[[[.(((....)))..{.....((((((((...[[[[[{.))))))))
6QN3,>strand_B,cGUUCACCCUUCGGGGCGCAUGAAAUGGGAGUAGGGAACGGGAUUCUCAU,]]]]].(((....)))..}.....((((((((...]]]]]}.))))))))
8XZQ,>strand_A,gGGUGUGUACCGUUCAACUCGUCCCAGCUUCGACUGGGACUACGGGAGCGCCU,((((((...((((.......((((((((...).))))))).))))..))))))
7OAX,>strand_A,GGCUAGCUGGAGGGGCGCCAGUUCGCUGGUGGUUGGGUGCGGUCGGCUAGCC,-(((((((.(....(((((((....)))))........))...))))))))(
7OAX,>strand_a,g,)
7OAX,>strand_B,GGCUAGCUGGAGGGGCGCCAGUUCGCUGGUGGUUGGGUGCGGUCGGCUAGCC,-(((((((.(....(((((((....)))))........))...)))))))).
7OAX,>strand_C,GGCUAGCUGGAGGGGCGCCAGUUCGCUGGUGGUUGGGUGCGGUCGGCUAGCC,-(((((((.(....(((((((....)))))........))...)))))))).
7OAX,>strand_D,GGCUAGCUGGAGGGGCGCCAGUUCGCUGGUGGUUGGGUGCGGUCGGCUAGCC,-(((((((.(....(((((((....)))))........))...)))))))).
8HZM,>strand_A,GAAGAUUGUAAACAUGCCGAAAGGCAGACACUUCC,((((..........((((....))))....))))(
8HZM,>strand_a,g,)
8HZM,>strand_B,GAAGAUUGUAAACAUGCCGAAAGGCAGACACUUCC,((((..........((((....))))....)))).
4QK9,>strand_A,GCGCUGAAUUCCCUGAAGGGAAACGGGGGACCCAAUCUUCAGGGGUGAAUCCCACGUAAGUGGGUAGGGCUAGUCUCUUUCGGCCCGAACCCGUCAGCUAACCUCGUAAGCGUGGAAAGAGGg,-((((...(((((....)))))((((((....(...-----(((((....(((((....)))))..(((((...[[[[[[[)))))..))))..).)....)))))).))))..]]]]]]]..
4QK9,>strand_a,aa,..
6E82,>strand_A,GGCGCGAGGAAGGUGGUCUGAGGAGGUCACUGCGCC,(((((...(........).............)))))
5DDQ,>strand_A,cGUUGACCCAGGAAACUGGGCGGAAGUAAGGUCCAUUGCACUCCGGGCCUGAAGCAACGCG,(((((.(((((....)))))..[.....((((((..........))))))....)))))].
5DDQ,>strand_B,cGUUGACCCAGGAAACUGGGCGGAAGUAAGGUCCAUUGCACUCCGGGCCUGAAGCAACGCG,(((((.(((((....)))))..[.....((((((..........))))))....)))))].
3FO4,>strand_A,GGaCAUAUAAUCGCGUGGAUAUGGCACGCAAGUUUCUACCGGGCACCGUAAAUGUCCGAUUAUGU,--((((((..(.(((((.....[[))))).)[.....)]((((((]].....))))))..)))))
7KVT,>strand_B,gGGAAGAUACAAGGUGAGCCCAAUAAUAUGGUUUGGGUUAGGAUAGGAAGUAGAGCCUUAAACUCUCUAAGCGGUAUCUUCCC,((((((((((.......((((((.......[.))))))........(..(.((((]......)))))....).))))))))))
4TS0,>strand_X,gACGCGACCGaAuGAAAUGGUGAAGGACGGGUCCAGCCGGCUGc,(((((((((..(.(..((((.(.....(...(((((((((((((
4TS0,>strand_Y,gCAGCCGGCuUGUUGAGUAGAGUGUGAGCUCCGUAACUGGUCGCGUc,))))))))).))..)).........)..).))))..)))))))))))
4LCK,>strand_B,GAGUAGUUCAGuGGUAGAACACCACCUUGCCAAGGUGGGGGuCGCGGGUUCGAAUCCCGUCUCGGGCGAAAGCCC,(((..((((....{..)))).(((((..[[[..))))).....(((((..}....))))))))((((....))))
4LCK,>strand_C,GGGUGCGAUGAGAAGAAGAGUAUUAAGGAUUUACUAUGAUUAGCGACUCUAGGAUAGUGAAAGCUAGAGGAUAGUAACCUUAAGAAGGCACUUCGAGCACCC,((((((.....((((.......((((((..(((((((......[..((((((..........])))))).)))))))))))))...]]].))))..))))))
4LCK,>strand_E,GAGUAGUUCAGUGGUAGAACACCACCUUGCCAAGGUGGGGGuCGCGGGUUCGAAUCCCGUCUCGGGCGAAAGCCC,(((..((((....{..)))).(((((..[[[..))))).....(((((..}....))))))))((((....))))
4LCK,>strand_F,GGGUGCGAUGAGAAGAAGAGUAUUAAGGAUUUACUAUGAUUAGCGACUCUAGGAUAGUGAAAGCUAGAGGAUAGUAACCUUAAGAAGGCACUUCGAGCACCC,((((((.....((((.......((.(((..(((((((......[..((((((..........])))))).)))))))))).))...]]].))))..))))))
1RAW,>strand_A,gGGAAGGGAAGAAACUGCGGCUUCGGCCGGCUUCCC,((((((...........((((....)))).))))))
1RAW,>strand_a,a,.
2JLT,>strand_A,gGuCGGUCCCAGACGACC,(((((.[[[[[[.)))))
2JLT,>strand_B,gGAGCCUGGGAGCuCC,(((((]]]]]])))))
6CF2,>strand_G,GGCUGGACUCGUACUUCGGUACUGGAGAAACAGCC,(((((..(((((((....))))..)))...)))))
5DUN,>strand_A,uUUUuAAUGAAGCCACAGgCUGUGAGGGUCCUAAGCCCCUAAUUCAGAAGGGAA,.((....(((({{(((((.))))).(((.[[[..}})))...))))..]]].))
3DIS,>strand_A,gGCCGACGGAGGCGCGCCCGAGAUGAGUAGGCUGUCCCAUCAGGGGAGGAAUCGGGGACGGCUGAAAGGCGAGGGCGCCGAAGGGUGCAGAGUUCCUCCCGCUCUGCAUGCCUGGGGGUAUGGGGAAUACCCAUACCACUGUCACGGAGGUCUCUCCGUGGAGAGCCGUCGGUc,(((((((((..(.((((((..(.......(((((((((..(..[[[[[[....))))))))))......)..)))))))..((((((((((((.]]]]]]))))))))).)))((.((((((((.....)))))))).)).((((((((....))))))))....)))))))))
6DNR,>strand_A,gGAAAGUGUGUCUAGGGUUCCGCGUGCUUCGGCACGGACUGGUCCAAGUGACACAGACGCAUUCGUGCGUUACACCGGAGGGAUAGAAGCCCAGGCGGGUAGGUUUc,.((((.((((((..((...((((((((....)))))..).)).))....))))))((((((....)))))).[.(((..(((.......))).].))).....))))
8XZK,>strand_A,gGGUGUGUACCGUUCAACUCGUCCCAGCUUCGACUGGGACUACGGGAGCGCCU,.(((((...((((.......((((((((...).))))))).))))..))))).
3DJ2,>strand_A,gGCCGACGGAGGCGCGCCCGAGAUGAGUAGGCUGUCCCAUCAGGGGAGGAAUCGGGGACGGCUGAAAGGCGAGGGCGCCGAAGGGUGCAGAGUUCCUCCCGCUCUGCAUGCCUGGGGGUAUGGGGAAUACCCAUACCACUGUCACGGAGGUCUCUCCGUGGAGAGCCGUCGGUc,(((((((((..(.((((((..(.......(((((((((..(..[[[[[[....))))))))))......)..)))))))..((((((((((((.]]]]]]))))))))).)))((.((((((((.....)))))))).)).((((((((....))))))))....)))))))))
6UBU,>strand_B,gGACAUAUAAUCGCGUGGAUAUGGCACGCAAGUUUCUACCGGGCACCGUAAAUGUCCGACUAUGUCC,((((((((..(.(((((.....[[))))).)[.....)]((((((]].....))))))..)))))))
6WZS,>strand_B,UAUCAGUUAUAUGACUGACGGAACGUGGAAUUAACCACAUGAAGUAUAACGAUGACAAUGCCGACCGUCUGGGCG,-----((.((((..(.[[[[[...((((......))))..)..))))-------))---(((..]]]]]..))).
6WZS,>strand_A,UAUCAgUUAUAUGACUGACGGAACGUGGAAUUAACCACAUGAAGUAUAACGAUGACAAUgCCGACCGUCUGGGCG,-----(((((((..(.[[[[[...((((......))))..)..))))))).--------(((..]]]]]..))).
2EET,>strand_A,gGACAUGUAAUCGCGUGGAUAUGGCACGCAAGUUUCUACCGGGCACCGUAAAUGUCCGACCAUGUCC,.(((((((..(.(((((.....[[))))).)[.....)]((((((]].....))))))..)))))).
6E80,>strand_A,GGCGCGAGGAAGGAGGUCUGAGGAGGUCACUGCGCC,-((((...(........).((.....))...)))).
8TOZ,>strand_A,gAGCAACCUAGGAUUUUAGGCUCCCCGGCGUGUCUCGAaCCAUGCCGGGCCAAACCCAUAGGGCUGGCGGUCCCUGUGCGGUCAGAAUUCAUCCGCCGGAG,[[[[......((((((...]]]](((((((((.-----..)))))))))....((((((((((........))))))).)))..))))))...........
7REX,>strand_A,uGUGGUUCGCAACCAUCCCACAUAAAAAAACUAG,(((((............)))))............
7REX,>strand_B,uGUGGUUCGCAACCAUCCCACAUAAAAAAACUAG,(((((............)))))...........-
7REX,>strand_C,uGUGGUUCGCAACCAUCCCACAUAAAaAAACUAG,(((((............)))))----........
5NZ6,>strand_A,ccGGACGAGGUGCGCCGUACCCGGUCACGACAAGACGGcGC,[[[[........((((((.(]]]]....).....)))))).
6WLL,>strand_A,gGAAUCGGAUGAAGAUAUGAGGAGAGAUUUCAUUUUAAUGAAACACCGAAGAAGUAAAUCUUUCAGGUAAAAAGGACUCAUAUUGGACGAACCUCUGGAGAGCUUAUCUAAGAGAUAACACCGAAGGAGCAAAGCUAAUUUUAGCCUAAACUCUCAGGUAAAAGGACGGAG,....(((......((((((((....(.((.(((....))).)))(((...((((.....))).).)))........))))))))...)))..(((((....(.(((((.....))))))(((...((((....(((......))).....))).).))).......)))))
1DDY,>strand_A,gGAACCGGUGCGCAUAACCACCUCAGUGCGAGCAA,......[[[.{((....((]]]...).).}.))..
1DDY,>strand_C,gGAACCGGUGCGCAUAACCACCUCAGUGCGAGCAA,......[[[.{((....((]]]...).).}.))..
1DDY,>strand_E,gGAACCGGUGCGCAUAACCACCUCAGUGCGAGCAA,......[[[.{((....((]]]...).).}.))..
1DDY,>strand_G,gGAACCGGUGCGCAUAACCACCUCAGUGCGAGCAA,......[[[.{((....((]]]...).).}.))..
3OWZ,>strand_A,gGCUCUGGAGAGAACCGUUUAAUCGGUCGCCGAAGGAGCAAGCUCUGCGGAAACGCAGAGUGAAACUCUCAGGCAAAAGGACAGAGUc,(((((((....(.((((......)))))(((...((((...((((((((....))))))))....))).).))).......)))))))
3OWZ,>strand_B,GGCUCUGGAGAGAACCGUUUAAUCGGUCGCCGAAGGAGCAAGCUCUGCGGAAACGCAGAGUGAAACUCUCAGGCAAAAGGACAGAGUc,(((((((....(.((((-----.)))))(((...((((...((((((((....))))))))....))).).))).......)))))))
6B3K,>strand_R,GACGCGACCGAAAUGGUGAAGGACGGGUCCAGUGCGAGACCCGCACUGUUGAGUAGAGUGUGAGCUCCGUAACUGGUCGCGUC,((((((((((..((((.(.....(...(((((((((.....)))))))..)).........)..).))))..).)))))))))
1F27,>strand_A,aCCGUCAGAGGACACGGUU,[[[[[..((((((]]]]].
1F27,>strand_B,aAAAAGUCCUC,.....))))))
7OA3,>strand_A,GGCUAGCUGGAGGGGCGCCAGUUCGCUGGUGGUUgGGUGCGGUCGGCUAGCC,-(((((((.(....(((((((....)))))........))...))))))))(
7OA3,>strand_a,g,)
7OA3,>strand_B,GGCUAGCUGGAGGGGCGCCAGUUCGCUGGUGGUugGGUGCGGUCGGCUAGCC,-(((((((.(....(((((((....)))))........))...)))))))).
4ERL,>strand_A,gGACGGAGGCGCGCCCGAGAUGAGUAGGCUGUCCCAUCAGGGGAGGAAUCGGGGACGGCUGAAAGGCGAGGGCGCCGAAGCGAGCAGAGUUCCUCCCGCUCUGCUUGGCUGGGGGUGAGGGGAAUACCCUUACCACUGUCGCGAAAGCGGAGAGCCGUCCA,((((((..(.((((((..(.......(((((((((..(..[[[[[[....))))))))))......)..)))))))..((((((((((((.]]]]]]))))))))).)))((.(((.((((.....)))).))).)).((((....))))....)))))).
2OOM,>strand_A,gGAGCCUGGGAGCUCC,((((([[[[[.)))))
2OOM,>strand_B,cACGGUCCcaGACGUG,((((..]]]]].))))
8D2A,>strand_A,gGCGAUACCAGCCGAAAGGCCCUUGGCAGCGCC,((((...((.(((....)))....))...))))
8D2A,>strand_B,gGCGAUACCAGCCGAAAGGCCCUUGGCAGCGCC,((((...((.(((....)))....))...))))
1EXY,>strand_A,gGGCGCCGGUACGCAAGUACGACGGUACGCUCC,((((((((((((....))))..)))..))))).
6WLT,>strand_A,gGUCCGUUGAAGACUGCAGGAGAGUGGUUGUUAACCAGAUUUUAACAUCUGAGCCAAAUAACCCGCCGAAGAAGUAAAUCUUUCAGGUGCAUUAUUCUUAGCCAUAUAUUGGCAACGAAUAAGCGAGGACUGUAGUUGGAGGAACCUCUGGAGAGAACCGUUUAAUCGGUCGCCGAAGGAGCAAGCUCUGCGCAUAUGCAGAGUGAAACUCUCAGGCAAAAGGACAGAGGA,..(((......((((((((......(((((((...(((((......))))).....))))))).(((...((((.....))))..)))((.((((((.(.((((.....)))))..)))))))).....))))))))...))).((((((....(.((((......)))))(((...((((...((((((((....))))))))....))).).))).......)))))).
4PDB,>strand_I,GGGAUGCUCAGUGAUCCUUCGGGAUAUCAGGGCAUCCC,(((((((((...(((((....)))..)).)))))))))
6UC9,>strand_B,gGACAUAUAAUCGCGUGGAUAUGGCACGCAAGUUUCUACCGGGCACCGUAAAUGUCCGACUAUGUCC,((((((((..(.(((((.....[[))))).)[.....)]((((((]].....))))))..)))))))
8FW4,>strand_Z,GGUUAAAGCCUUAUGGUCGCUACCAUUGCACUCCGGUAGCGUUAAAAGGGAAGACGGGUGAGAAUCCCGCGCAGCCCCCGCUACUGUGAGGGAGGACGAAGCCCUAGUAAGCCACUGCCGAAAGGUGGGAAGGCAGGGUGGAGGAUGAGUCCCGAGCCAGGAGACCUGCCAUAAGGUUUUAGAAGUUCGCCUUCGGGGGGAAGGUGAAC,--..((..((.(.(((((((((--------------))))).....((....(.((((.......))))){{(([[[[[[)).(((...((((........(((..---.(((.(((((....)))))...))).)))...........))))..}}))).....)))))).).)).))-----.((..((((]]]]].]))))..)).
1TOB,>strand_A,gGCACGAGGUUUAGCUACACUCGUGCC,((((((((((......)).))))))))
8XZP,>strand_A,gGGUGUGUACCGUUCAACUCGUCCCAGCUUCGACUGGGACUACGGGAGCGCCU,((((((...((((.......((((((((...).))))))).))))..))))))
6PQ7,>strand_C,gUACGAAGGAAGGUUUGGUAUGGGGUAGUUGUCGUAC,((((((....(..................).))))))
5FK1,>strand_A,GGCUUAUCAAGAGAGGGGGAGCGACUGGCGCGAAGAUCCCCGGCAACCAGAAAUGGUGCCAAUUCCUGCAGCGGAAACGUUGAAAGAUGAGCCG,((((((((....(.(((...(((.[.[[)))......))))(((..(((....))).)))...(]].](((((....)))))..))))))))).
5FK1,>strand_a,a,.
5FK2,>strand_A,gGCUUAUCAAGAGAGGGGGAGCGACUGGCGCGAAGAGCCCCGGCAACCAGAAAUGGUGCCAAUUCCUGCAGCGGAAACGUUGAAAGAUGAGCCG,((((((((....(.(((...(((.[.[[)))......))))(((..(((....))).)))...(]].](((((....)))))..))))))))).
5FK2,>strand_a,a,.
6N5O,>strand_A,gGUUGCCGAAUCCGAUCUGGCGGUACGGAGGAACCGCUUUUUGGGGUUAAUCUGCAGUGAAGCUGCAGUAGGGAUACCUUCUGUCCCGCACCCGACAGCUAACUCCGGAGGCAAUAAAGGAAGGAG,...((((....(((......)))..(((((....(.....(.{((((....((((((.....))))))..(((((.[[[[[[)))))..)))).)}.)....)))))..)))).....]]]]]]..
6N5O,>strand_a,aa,..
2L1V,>strand_A,gGAGAGGUUCUAGUUAUACCCUCUAUAAAAAACUAA,..(((((...[[[......)))))........]]].
6CK5,>strand_A,gUGAAAGUGUACCUAGGGUUCCAGCCUAUUUGUAGGUGuUCGGACCGAGCGGUACAGGUAUAUUUUUaUAUAcCACACCUUAGGGAcAAAAGCCCGGGAGGAUAGGUUUCACUCGUA,.(((((.((((((..((...((((((((....)))))..).)).))....))))))((((((..---.)))))).[.((((.(((.......))).])))).....)))))------
6CK5,>strand_B,GUGAAAGUGUACCUAGGGUUCCAGCCUAUUUgUAGGUGUUCGGACCGAGCGGUACAGGUAUAUUUUUAUAUACCACACCUUAGGGACAAAAGCCCGGGAGGAUAGGUUUCAC,((((((.((((((..((...((((((((.--.)))))..).)).))....))))))((....----------)).[.((((.(((.......))).])))).....))))))
4FEJ,>strand_B,gGACAUAUAUUCGCGUGGAUAUGGCACGCAAGUUUCUACCGGGCACCGUAAAUGUCCGACUAUGUCC,((((((((..(.(((((.....[[))))).)[.....)]((((((]].....))))))..)))))))
8SA2,>strand_A,GGUUAAAGCCUUAUGGUCGCUACCAUUGCACUCCGGUAGCGUUAAAAGGGAAGACGGGUGAGAAUCCCGCGCAGCCCCCGCUACUGUGAGGGAGGACGAAGCCCUAGUAAGCCACUGCCGAAAGGUGGGAAGGCAGGGUGGAGGAUGAGUCCCGAGCCAGGAGACCUGCCAUAAGGUUUUAGAAGUUCGCCUUCGGGGGGAAGGUGAACA,..((((((.(((((((((((((.....(....)...))))).....((....(.((((.......))))){{(([[[[[[)).(((...((((..........(......(((.(((((....)))))...))).).............))))..}}))).....)))))))))).))))))..((((.(((([[.[[.[)))).)))).
8SA2,>strand_B,GGUUAAAGCCUUAUGGUCGCUACCAUUGCACUCCGGUAGCGUUAAAAGGGAAGACGGGUGAGAAUCCCGCGCAGCCCCCGCUACUGUGAGGGAGGACGAAGCCCUAGUAAGCCACUGCCGAAAGGUGGGAAGGCAGGGUGGAGGAUGAGUCCCGAGCCAGGAGACCUGCCAUAAGGUUUUAGAAGUUCGCCUUCGGGGGGAAGGUGAACA,..((((((((((((((((((((..............))))).....((....(.((((.......))))){{((].]]]])).(((...((((..........(......(((.(((((....)))))...))).).............))))..}}))).....)))))))))))))))))..(((((((((]]]]].]))))))))).
6E81,>strand_A,GGCGCGAGGAAGGAGGUCUGAGGAGGUCACUGCGCC,(((((...(........).(.......)...)))))
8VPV,>strand_A,gAGCAACUUAGGAUUUUAGGCUCCCCGGCGUGUcUCGAACCAUGCCGGGCCAAACCCAUAGGGCUGGCGGUCCCUGUGCGGUCAAAUUCAUCCGCCGGAG,[[[[......((((((...]]]](((((((((........)))))))))....((((((((((........))))))).))).))))))...........
4W90,>strand_C,gCGCGCUUAAUCUGaAAUCAGAGCGGGGGACCCAUUGCACUCCGGGUUUUUCCCGUaGGGGUGAAUCCUUUUuAGGUAGGGCGAAAGCCCGAAUCCGUCAGCUAACCUCGUAAGCGCGC,(((((((...((((....))))((((((....(.......----------------.(((((....(((.--.)))..((((....))))..))))..).)....)))))).)))))))
4W90,>strand_a,aa,..
4TZV,>strand_B,GAGUAGUUCAGuGGUAGAACACCACCUUGCCAAGGUGGGGGuCGCGGGUUCGAAUCCCGUCUCGGGCGAAAGCCC,(((..((((....[..)))).(((((....{..))))).....(((((..]....))))))))((((....))))
4TZV,>strand_C,GGGUGCGAUGAGAAGAAGAGUAUUAAGGAUUUACUAUGAUUAGCGACUCUAGGAUAGUGAAAGCUAGAGGAUAGUAACCUUAAGAAGGCACUUCGAGCACCC,((((((.....((((.......(((.((..((((((.......[..((((((..........]))))))..)))))))).)))...}...))))..))))))
1NEM,>strand_A,gGACUGGGCGAGAAGUUUAGUCC,(((((((((.....)))))))))
4MGN,>strand_A,gGAAUCAAUAGUAGUUAACCCUCUCUUCCGAAGCGAGCCGGGGGCGGUGGGAGCCCGGUGAAGACGGUUAAUGAAACGGCAGUUCC,(((((.........((((((...(((((.....[..((((((..........]))))))))))).))))))......[[[.)))))
4MGN,>strand_B,gCGGAAGUAGUUCAGUGGUAGAACACCACCUUGCCAAGGUGGGGGUCGCGGGUUCGAGUCCCGUCUUCCGCUCCA,(((((((..((((....{..)))).(((((..]]]..))))).....(((((..}....)))))))))))).---
4MGN,>strand_C,gGAAUCAAUAGUAGUUAACCCUCUCUUCCGAAGCGAGCCGGGGGCGGUGGGAGCCCGGUGAAGACGGUUAAUGAAACGGCAGUUCC,((((.........(((((((...(((((.....[..((((((..........]))))))))))).))))))).....[[[..))))
4MGN,>strand_D,gCGGAAGUAGUUCAGUGGUAGAACACCACCUUGCCAAGGUGGGGGUCGCGGGUUCGAGUCCCGUCUUCCGCUC,(((((((..((((....{..)))).(((((..]]]..))))).....(((((..}....))))))))))))..
6N2V,>strand_A,gGCUUGGGGAGUAGCCUGCUUUCGGAAACGAAAGCGCCUGUAUCAACAUACUCGGCGAAAGCCGUGGUGCAGGACCGAAAGGUCUGGCGAGACCAGGCC,(((((((......(((.(((((((....))))))).(((((((((.......((((....)))))))))))))(((....)))..)))....)))))))
6N2V,>strand_B,gGCUUGGGGAGUAGCCUGCUUUCGGAAACGAAAGCGCCUGUAUCAACAUACUCGGCGAAAGCCGUGGUGCAGGACCGAAAGGUCUGGCGAGACCAGGCC,(((((((......(((.(((((((....))))))).(((((((((.......((((....))))))))))))).((....))...)))....)))))))
8HZK,>strand_A,GGAAGAUUGUAAACAUGCCGAAAGGCAGACACUUCC,(((((..........((((....))))....)))))
8HZK,>strand_B,GGAAGAUUGUAAACAUGCCGAAAGGCAGACACUUCC,(((((..........((((....))))....)))))
6WLR,>strand_A,gGUCAUGAGUGCCAGCGUCAAGCCCCGGCUUGCUGGCCGGCAACCCUCCAACCGCGGUGGGGUGCCCCGGGUGAUGACCAGGUUGAGUAGCCGUGACGGCUACGCGGCAAGCGCGGGUC,((((....(.((((((....((.[[[[[)).)))))))(((..(((.((..{{{{))..))).)))]]]]]....))))..((((.((((((.....)))))).))))....}}}}...
6GZK,>strand_A,GGACGACUGAACCGAAAGGUUCUUGGCUGCUUCGGCAGAGGUACGUCC,(((((((.(((((....)))))....((((....))))..)).)))))
3LA5,>strand_A,GGCUUCAUAUAAUCCGAAUGAUAUGGUUUCGGAGCUUCCACCAAGAGCCUUAAACUCUUGACUAUGGAGUC,((((.(((((..((((((......[[.))))))[.....)]((((((]].....))))))..)))).))))
3UZS,>strand_C,gGCAGACCAUACGGGAGAGAAACuUGCC,(((((.((.....))--------)))))
4LX5,>strand_A,GGCUUCAUAUAAUCCGAAUGAUAUGGUUUCGGAGCUUCCACCAAGAGCCUUAAACUCUUGAUUAUGAAGUC,((((((((((..((((((......[[.))))))[.....)]((((((]].....))))))..)))))))))
4LX6,>strand_A,GGCUUCAUAUAAUCCGAAUGAUAUGGUUUCGGAGCUUCCACCAAGAGCCUUAAACUCUUGACUAUGAAGUC,((((((((((..((((((......[[.))))))[.....)]((((((]].....))))))..)))))))))
5FK4,>strand_A,gGCUUAUCAAGAGAGGGUGAGCGACUGGCGCGAAGAUCCCCGGCAACCAGAAAUGGUGCCAAUUCCUGCAGCGGAAACGUUGAAAGAUGAGCC,((((((((....(.(((...(((.[.[[)))......))))(((..(((....))).)))...(]].](((((....)))))..)))))))))
5FK4,>strand_a,a,.
6WLM,>strand_A,gGAAUCGGAUGAAGAUAUGAGGAGAGAUUUCAUUUUAAUGAAACACCGAAGAAGUAAAUCUUUCAGGUAAAAAGGACUCAUAUUGGACGAACCUCUGGAGAGCUUAUCUAAGAGAUAACACCGAAGGAGCAAAGCUAAUUUUAGCCUAAACUCUCAGGUAAAAGGACGGAG,....(((......((((((((....(.((.((((..)))).)))(((...((((....[))).).)))........))))))))...)))..(((((....(.(((((.....))))))(((...((((....(((......)))....]))).).))).......)))))
6E1U,>strand_A,cUGGGUCGCAGUcCCCCAGUUAACAAAACAAG,(((((...[.[...))))).........]..]
2TOB,>strand_A,aCUUGGUUUAGGUAAUGAGU,((((..(......)..))))
6DMC,>strand_A,gGAAGUGUACCUAGGGAUCCACCUCGAGAGAGGAAGGACCAAGCGGUACAGGCCUACUUCGGUAGGUUACACCGUGGGGAUAAAAGACCCGUGGCAAGUUUc,((((.((((((..((...((.((((....))))..)).))....))))))(((((((....))))))).[.(((((((.........)))))))....))))
6DMC,>strand_a,g,]
6DMC,>strand_B,gGAAGUGUACCUAGGGAUCCACCUCGAGAGAGGAAGGACCAAGCGGUACAGGCCUACUUCGGUAGGUUACACCGUGGGGAUAAAAGACCCGUGGCAAGUUUc,((((.((((((..((...((.((((....))))..)).))....))))))(((((((....)))))))...(((((((.........)))))))....))))
5NEF,>strand_A,gGUGGGGACGACCCCAcC,(((((((....)))))))
4TZY,>strand_X,GGGAAGAUAUAAUCCUAAUGAUAUGGUUUGGGAGUUUCUACCAAGAGCCUUAAACUCUUGAUUAUCUUCCC,((((((((((..((((((......[[.))))))[.....)]((((((]].....)))))).[)))))))))
4TZY,>strand_a,a,]
1NTB,>strand_A,gGAUCGCAUUUGGACUUCUGCC,.((((.(.....(((..(((((
1NTB,>strand_B,cGGCACCACGGUCGGAUC,.))))....)))))))))
6MSF,>strand_R,cCACAGUCACUGGG,((.(((...)))))
6MSF,>strand_S,cAGUCACUGG,(((...))).
8U5T,>strand_A,gCGUACGAAGGUGAGGAGAGGCGAGGAAGAGUACGC,((((((........................))))))
8U5T,>strand_B,gCGUACGAAGGUGAGGAGAGGCGAGGAAGAGUACGC,((((((........................))))))
8U5T,>strand_C,gCGUACGAAGGUGAGGAGAGGCGAGGAaGAGUACGC,((((((........................))))))
5E54,>strand_A,gGGAAGAUAUAAUCCUAAUGAUAUGGUUUGGGAGUUUCUACCAAGAGCCUUAAACUCUUGAUUAUCUUCCC,......(((...((((((......[[.))))))((.{..))((((((]].....))))))}.)))------
5E54,>strand_B,gGGAAGAUAUAAUCCUAAUGAUAUGGUUUGGGAGUUUCUACCAAGAGCCUUAAACUCUUGAUUAUCUU,...((((((...((((((......[[.))))))((.{..))((((((]].....))))))}.))))))
8SA4,>strand_A,GGUUAAAGCCUUAUGGUCGCUACCAUUGCACUCCGGUAGCGUUAAAAGGGAAGACGGGUGAGAAUCCCGCGCAGCCCCCGCUACUGUGAGGGAGGACGAAGCCCUAGUAAGCCACUGCCGAAAGGUGGGAAGGCAGGGUGGAGGAUGAGUCCCGAGCCAGGAGACCUGCCAUAAGGUUUUAGAAGUUCGCCUUCGGGGGGAAGGUGAACA,..(.((((((((((((((((((..............))))).....((....(.((((.......))))){{(([[.[[[)).(((...((((.................(((.(((((....)))))...)))...............))))..}}))).....))))))))))))))).)....---------------------...
8SA4,>strand_B,GGUUAAAGCCUUAUGGUCGCUACCAUUGCACUCCGGUAGCGUUAAAAGGGAAGACGGGUGAGAAUCCCGCGCAGCCCCCGCUACUGUGAGGGAGGACGAAGCCCUAGUAAGCCACUGCCGAAAGGUGGGAAGGCAGGGUGGAGGAUGAGUCCCGAGCCAGGAGACCUGCCAUAAGGUUUUAGAAGUUCGCCUUCGGGGGGAAGGUGAACA,...(......-------------------------------------------------------------------------------------------------------------------------------------------------------------------.......)....((((((((]].]].]))))))))..
3Q50,>strand_A,cUGGGUCGCAGUAACCCCAGUUAACAAAACAAG,(((((...[.[....))))).........]..]
8TJV,>strand_A,GGGCGAUGAGGCCCGCCCAAACUGCCCUAUAUGGAUGCAGUUCACAGACUAAAUGUCGGUCGGGGAAGAUGUAUUCUUCUCAUAAGAUAUAGUCGGACCUCUCCUUAAUGGGAGCUAGCGGAUGAAGUGAUGCAACACUGGAGCCGCUGGGAACUAAUUUGUAUGCGAAAGUAUAUUGAUUAGUUUUGGAGGAGGGAAAAGUUAUCAGGCAUGCACCUGGUAGCUAGUCUUUAAACCAAUAGAUUGCAUCGGUUUAAAAGGCAAGACCGUCAAAUUGCGGGAAAGGGGUCAACAGCCGUUCAGUACCAAGUCUCAGGGGAAACUUUGAGAUGGCCUUGCAAAGGGUAUGGUAAUAAGCUGACGGACAUGGUCCUAACCACGCAGCCAAGUCCUAAGUAGGGCUGAUGGCCUCUACUG,.[[[[..((((((]]]]......(((((((..((((...((...(.(((((...[.[[[[[.(((((((.....)))))))........))))))..((.(((((....)))))(((((((....(((([[[[[[))))....))))))).(((((((...(((((....)))))...)))))))..)).--------.((((((((((..{{{.)))))))))).(((((((((((....(.]]]]]]))))))).)))))..]]]]].]....((((((...((((((.....(((.((((.(((..(((((((((....)))))))))..((..}}.}.))....)))......)))))))....))))))..)).))))))...))))...)))))))....)))))).....
7OAV,>strand_A,GGCUAGCUGGAGGGGCGCCAGUUCGCUGGUGGUUgGGUGCGGUCGGCUAGCC,-(((((((.(....(((((((....)))))........))...))))))))(
7OAV,>strand_a,g,)
7OAV,>strand_B,GGCUAGCUGGAGGGGCGCCAGUUCGCUGGUGGUUGGGUGCGGUCGGCUAGCC,-(((((((.(....(((((((....)))))........))...)))))))).
7OAV,>strand_C,GGCUAGCUGGAGGGGCGCCAGUUCGCUGGUGGUUGGGUGCGGUCGGCUAGCC,-(((((((.(....(((((((....)))))........))...)))))))).
7OAV,>strand_D,GGCUAGCUGGAGGGGCGCCAGUUCGCUGGUGGUUGGGUGCGGUCGGCUAGCC,-(((((((.(....(((((((....)))))........))...)))))))).
3DD2,>strand_B,gGGAAcAAAGcuGAAGuAcuuAccct,(((....((((....)..))).))).
4TZW,>strand_B,GAGUAGUUCAGuGGUAGAACACCACCUUGCCAAGGUGGGGGuCGCGGGUUCGAAUCCCGUCUCGGGCGAAAGCCC,(((..((((....{..)))).(((((..[[[..))))).....(((((..}....))))))))((((....))))
4TZW,>strand_C,GGGUGCGAUGAGAAGAAGAGUAUUAAGGAUUUACUAUGAUUAGCGACUCUAGGAUAGUGAAAGCUAGAGGAUAGUAACCUUAAGAAGGCACUUCGAGCACCC,((((((.....((((.......((((((..(((((((......[..((((((..........])))))).)))))))))))))...]]].))))..))))))
5NEP,>strand_A,gGUGGGGACGACCCCAcC,(((((((....)))))))
4KZE,>strand_R,gGACGCGACCGAAAUGGUGAAGGACGGGUCCAGUGCGAAACACGCACUGUUGAGUAGAGUGUGAGCUCCGUAACUGGUCGCGUC,.((((((((((..((((.(.....(...(((((((((.....)))))))..)).........)..).))))..).)))))))))
3RKF,>strand_A,gGCCAUAUAACUGCGUGGAUAUAGCACGCAGGUUUCUACCGGGCACUGUAAAUGUCCGACUAUGGUC,((((((((..(((((((.....[[)))))))[.....)]((((((]].....))))))..)))))))
3RKF,>strand_B,gGCCAUAUAACUGCGUGGAUAUAGCACGCAGGUUUCUACCGGGCACUGUAAAUGUCCGACUAUGGUC,((((((((..(((((((.....[[)))))))[.....)]((((((]].....))))))..)))))))
3RKF,>strand_C,gGCCAUAUAACUGCGUGGAUAUAGCACGCAGGUUUCUACCGGGCACUGUAAAUGUCCGACUAUGGUC,((((((((..(((((((.....[[)))))))[.....)]((((((]].....))))))..)))))))
3RKF,>strand_D,gGCCAUAUAACUGCGUGGAUAUAGCACGCAGGUUUCUACCGGGCACUGUAAAUGUCCGACUAUGGUC,((((((((..(((((((.....[[)))))))[.....)]((((((]].....))))))..)))))))
2LI4,>strand_A,gGACCGAUAAGGUAGAAAUGCCUUAUCGGUCC,((((((((((((((....))))))))))))))
6CC3,>strand_A,GAAAGGGGAGUAGCGUCGGGAAACCGAAACAAAGUCGACAUACUGUGAGGAAACUCACCGGCUUUGUUGACAUACGAAAGUAUGUUUAGCAAGACCUUUCC,-(((((......((.((((....))))((((((((((.......(((((....)))))))))))))))(((((((....)))))))..))....)))))(.
6CC3,>strand_B,GAAAGGGGAGUAGCGUCGGGAAACCGAAACAAAGUCGACAUACUGUGAGGAAACUCACCGGCUUUGUUGACAUACGAAAGUAUGUUUAGCAAGACCUUUCC,-(((((......((.((((....))))((((((((((.......(((((....)))))))))))))))(((..-------...)))..))....))))).-
6CC3,>strand_a,gg,).
6DME,>strand_A,gGAAGUGUACCUAGGGAUCCACCUCGAGAGAGGAAGGACCAAGCGGUACAGGCCUACUUCGGUAGGUUACACCGUGGGGAUAAAAGACCCGUGGCAAGUUUc,((((.((((((..((...((.((((....))))..)).))....))))))(((((((....))))))).[.(((((((.........)))))))....))))
6DME,>strand_a,g,]
3DIQ,>strand_A,gGCCGACGGAGGCGCGCCCGAGAUGAGUAGGCUGUCCCAUCAGGGGAGGAAUCGGGGACGGCUGAAAGGCGAGGGCGCCGAAGGGUGCAGAGUUCCUCCCGCUCUGCAUGCCUGGGGGUAUGGGGAAUACCCAUACCACUGUCACGGAGGUCUCUCCGUGGAGAGCCGUCGGUc,(((((((((..(.((((((..(.......(((((((((..(..[[[[[[....))))))))))......)..)))))))..((((((((((((.]]]]]]))))))))).)))((.((((((((.....)))))))).)).((((((((....))))))))....)))))))))
3UZT,>strand_B,cCAUACg,.......
3OWW,>strand_A,gGCUCUGGAGAGAACCGUUUAAUCGGUCGCCGAAGGAGCAAGCUCUGCGGAAACGCAGAGUGAAACUCUCAGGCAAAAGGACAGAGUc,(((((((....(.((((......)))))(((...((((...((((((((....))))))))....))).).))).......)))))))
3OWW,>strand_B,GGCUCUGGAGAGAACCGUUUAAUCGGUCGCCGAAGGAGCAAGCUCUGCGGAAACGCAGAGUGAAACUCUCAGGCAAAAGGACAGAGUc,(((((((....(.((((....-.)))))(((...((((...((((((((....))))))))....))).).))).......)))))))
2JWV,>strand_A,gAUACUUGAAACUGUAAGGUUGGCGUAUC,(((((....((((....))))...)))))
8U5J,>strand_A,gUACGAAGGAAGGUuUGGUAUGUGGUAGauUCGUAC,(((((((......................)))))))
3HSB,>strand_X,aGAGAGA,.......
4TZP,>strand_B,GAGUAGUUCAGUGGuAGAACACCACCUUGCCAAGGUGGGGGuCGCGGGUUCGAAUCCCGUCUCGGGCGAAAGCCC,(((..((((....{..)))).(((((..[[[..))))).....(((((..}....))))))))(((.-----)))
4TZP,>strand_C,gGGUGCGAUGAGAAGAAGAGUAUUAAGGAUUUACUAUGAUUAGCGACUCUAGGAUAGUGAAAGCUAGAGGAUAGUAACCUUAAGAAGGCACUUCGAGCACCC,(((.((.....((((.......((.(((...((((((......[..((((((..........])))))).)))))).))).))...]]].))))..)).)))
4TZP,>strand_E,GAGUAGUUCAGUGGuAGAACACCACCUUGCCAAGGUGGGGGuCGCGGGUUCGAAUCCCGUCUCGGGCGAAAGCCC,(((..((((....[..)))).(((((.......))))).....(((((..]....))))))))((((....))))
4TZP,>strand_F,gGGUGCGAUGAGAAGAAGAGUAUUAAGGAUUUACUAUGAUUAGCGACUCUAGGAUAGUGAAAGCUAGAGGAUAGUAACCUUAAGAAGGCACUUCGAGCACCC,((((((.....((((.......((.(((...((((((......[..((((((..........])))))).)))))).))).)).......))))..))))))
4QLM,>strand_A,GGAUCGCUGAACCCGAAAGGGGCGGGGGACCCAGAAAUGGGGCGAAUCUCUUCCGAAAGGAAGAGUAGGGUUACUCCUUCGACCCGAGCCCGUCAGCUAACCUCGCAAGCGUCCGAAGGAGAAUC,--..((((....---------((((((....(..----(((((....(((((((....)))))))..(((((.[[[[[[[)))))..))))..).)....)))))).))))...]]]]]]]..--
4QLM,>strand_a,aa,..
6B14,>strand_R,GACGCGACCGAAAUGGUGAAGGACGGGUCCAGUGCGAAACACGCACUGUUGAGUAGAGUGUGAGCUCCGUAACUGGUCGCGUC,((((((((((..((((.(.....(...(((((((((.....)))))))..)).........)..).))))..).)))))))))
8FB3,>strand_A,uGUGGUUCGCAACCAUCCCACAUAAAAAAACUAG,(((((....[.......)))))...........]
8FB3,>strand_B,uGUGGUUCGCAACCAUCCCACaUAAAAAAACUAG,.((((............)))).----........
8FB3,>strand_C,uGUGGUUCGCAACCAUCCCACAUaAAAAAACUAG,(((((............)))))-...........
1EHT,>strand_A,gGCGAUACCAGCCGAAAGGCCCUUGGCAGCGUC,((((...((.(((....)))....))...))))
5T83,>strand_A,GUCUAAAGUUUGCUAGGGUUCCGCGUCAuAGGUGGUCUGGUCCAAGAGCAAACGGCUUUCACAAAGCCACACGGAAGGAUAAAAGCCUGGGAGAU,-----..((((((..((...(((((((...))))..).)).))....))))))((((.......)))).(.[....((.......))..)..]..
8SA6,>strand_A,GGUUAAAGCCUUAUGGUCGCUACCAUUGCACUCCGGUAGCGUUAAAAGGGAAGACGGGUGAGAAUCCCGCGCAGCCCCCGCUACUGUGAGGGAGGACGAAGCCCUAGUAAGCCACUGCCGAAAGGUGGGAAGGCAGGGUGGAGGAUGAGUCCCGAGCCAGGAGACCUGCCAUAAGGUUUUAGAAGUUCGCCUUCGGGGGGAAGGUGAACA,...(((((.(((((((.(((((((..........))))))).....(........(((.......)))..{{(([[[[[[)).(((...((((...(...(.(........((.((..(.....).))...))....))...)......))))..}})))......).))))))).)))))....(((((((.[[[[..[.)))))))..
8SA6,>strand_B,GGUUAAAGCCUUAUGGUCGCUACCAUUGCACUCCGGUAGCGUUAAAAGGGAAGACGGGUGAGAAUCCCGCGCAGCCCCCGCUACUGUGAGGGAGGACGAAGCCCUAGUAAGCCACUGCCGAAAGGUGGGAAGGCAGGGUGGAGGAUGAGUCCCGAGCCAGGAGACCUGCCAUAAGGUUUUAGAAGUUCGCCUUCGGGGGGAAGGUGAACA,...(((((.(((((((.((((((............)))))).....(........(((.......)))..{{((].]]]])).(((...(((----------------------------------------------------------)))..}})))......).))))))).)))))....(((.((((]]]]].])))).)))..
5FK5,>strand_A,gGCUUAUCAAGAGAGGGAGAGCGACUGGCGCGAAGAACCCCGGCAACCAGAAAUGGUGCCAAUUCCUGCAGCGGAAACGUUGAAAGAUGAGCCG,((((((((....(.(((...(((.[.[[)))......))))(((..(((....))).)))...(]].](((((....)))))..))))))))).
5FK5,>strand_a,a,.
6E1S,>strand_A,cUGGGUCGCAGUcCCCCAGUUAACAAAACAAG,(((((...[.[...))))).........]..]
1F1T,>strand_A,gGAuCCCGACuGGCGAGAGCCAGGuAACGAAuGGAuCC,((((((((.(((((....)))))....))...))))))
3D0U,>strand_A,gGACGGAGGCGCGCCCGAGAUGAGUAGGCUGUCCCAUCAGGGGAGGAAUCGGGGACGGCUGAAAGGCGAGGGCGCCGAAGCGAGCAGAGUUCCUCCCGCUCUGCUUGGCUGGGGGUGAGGGGAAUACCCUUACCACUGUCGCGAAAGCGGAGAGCCGUCCA,((((((..(.((((((..(.......(((((((((..(..[[[[[[....))))))))))......)..)))))))..((((((((((((.]]]]]]))))))))).)))((.((((((((.....)))))))).)).((((....))))....)))))).
4ZNP,>strand_A,GGGAUACAGGACUGGCGGAUUAGUGGGAAACCACGUGGACUGUAUCCGAAAAAAAGCCGACCGCCUGGGCAUC,.((((((((..(.[[[[[....((((....))))..)..))))))))........(((..]]]]]..)))...
4ZNP,>strand_B,GGGAUACAGGACUGGCGGAUUAGUGGGAAACCACGUGGACUGUAUCCGAAAAAAAGCCGACCGCCUGGGCAUC,.(.((.(((..(.[[[[[....((((....))))..)..))).)).).-------(((..]]]]]..)))...
1O15,>strand_A,gGCGAUACCAGCCGAAAGGCCCUUGGCAGCGUC,((((...((.(((....)))....))...))))
3GCA,>strand_A,cUGGGUCGCAGUAACCCCAGUUAACAAAACAAG,(((((...[.[....))))).........]..]
6HC5,>strand_A,gGUGGGGACGaCCCCAcC,(((((((....)))))))
3MUM,>strand_R,gGUCACGCACAGAGCAAACCAUUCGAAAGAGUGGGACGCAAAGCCUCCGGCCUAAACCAUUGCACUCCGGUAGGUAGCGGGGUUACCGAUGG,...(.((......((...((((((....))))))..[))...(((.((((((((..((..........))))))).]))))))..[))...)
3MUM,>strand_a,g,]
8EPK,>strand_E,guggacuauaccgcguaaugcuGccuccacT,(((((.......((.....))....))))).
8EPK,>strand_F,guggacuauaccgcguaaugcuGccuccacT,(((((.......((.....))....))))).
8D5O,>strand_A,gGCGAUACCAGCCGAAAGGCCCUUGGCAGCGCC,((((...((.(((....)))....))...))))
8D5O,>strand_B,gGCGAUACCAGCCGAAAGGCCCUUGGCAGCGCC,((((...((.(((....)))....))...))))
2XO1,>strand_A,GAACAUAUAAUCGCGUGGAUAUGGCACGCAAGUUUCUACCGGGCACCGUAAAUGUCCGAUUAUGUc,-.((((((..(.(((((.....[[))))).)[.....)]((((((]].....))))))..))))).
8XZE,>strand_A,gGGUGUGUACCGUUCAACUCGUCCCAGCUUCGACUGGGACUACGGGAGCGCCU,((((((...((((.......((((((((...).))))))).))))..))))))
3SLM,>strand_A,gGCCUUAUACAGGGUAGCAUAAUGGGCUACUGACCCCGCCUUCAAACCUAUUUGGAGACUAUAAGGUc,((((((((((..((((((.....[[))))))[.....)](((((((]]..))))))).[)))))))))
3SLM,>strand_a,g,]
3SLM,>strand_B,gGCCUUAUACAGGGUAGCAUAAUGGGCUACUGACCCCGCCUUCAAACCUAUUUGGAGACUAUAAGGUc,((((((((((..((((((.....[[))))))[.....)](((((((]]..)))))))..)))))))))
2RQJ,>strand_A,gGAGGAGGAGGA,............
2RQJ,>strand_B,gGAGGAGGAGGA,............
6RTI,>strand_X,gGGAccgaaAAAGAccuGAcuucuAuAcuAAGucuAcGuuccc,((((.((....((((................)))).)).))))
6C65,>strand_A,gCGUACGAAGGAGAGGAGAGGUAGAGGAGAGUACGC,((((((........................))))))
6C65,>strand_B,gCGUACGAAGGAGAGGAGAGGUAGAGGAGAGUACGC,((((((........................))))))
6C65,>strand_C,CGUACGAAGGAGAGGAGAGGUAGAGGAGAGUACGg,..(((........................)))...
6VUI,>strand_A,cUGGGUCGCAGUAACCCCAGUUAACAAAACAAG,(((((...[.[....))))).........]..]
6CB3,>strand_A,GAAAGGGGAGUAGCGUCGGGAAACCGAAACAAAGUCGUCAAUUCGUGAGGAAACUCACCGGCUUUGUUGACAUACGAAAGUAUGUUUAGCAAGACCUUUCC,-(((((......((.((((....))))((((((((((.......(((((....)))))))))))))))(((((((....)))))))..))....)))))(-
6CB3,>strand_B,GAAAGGGGAGUAGCGUCGGGAAACCGAAACAAAGUCGUCAAUUCGUGAGGAAACUCACCGGCUUUGUUGACAUACGAAAGUAUGUUUAGCAAGACCUUUCC,-(((((......((.((((....))))((((((((((.......(((((....)))))))))))))))(((((((....)))))))..))....)))))[-
6CB3,>strand_a,gg,)]
6DB9,>strand_R,GGAUGCGCCUUGAAAAGCCUGCGAAACACGCAGCUGGUGAAUGACAGCUAUGGCGCAUCC,(((((((((..(.....[).(((.....)))(((((......].)))))..)))))))))
1OOA,>strand_C,cAUACUUGAAACUGUAAGGUUGGCGUAUG,(((((....((((....))))...)))))
1OOA,>strand_D,cAUACUUGAAACUGUAAGGUUGGCGUAUG,(((((....((((....))))...)))))
3IWN,>strand_A,cACGCACAGGGCAAACCAUUCGAAAGAGUGGGACGCAAAGCCUCCGGCCUAAACGGCAUUGCACUCCGCCGUAGGUAGCGGGGUUACCGAUGG,((((......((...((((((....))))))..[))...(((.((((((((..((((..........))))))))).]))))))..[)).)).
3IWN,>strand_B,cACGCACAGGGCAAACCAUUCGAAAGAGUGGGACGCAAAGCCUCCGGCCUAAACGGCAUUGCACUCCGCCGUAGGUAGCGGGGUUACCGAUGG,((((......((...(((.((....)).)))..[))...(((.((.(((((..((((..........))))))))).].)))))..{)).)).
3IWN,>strand_a,gg,]}
6GZR,>strand_A,GGACGACUGAACCGAAAGGUUCUUGGCUGCUUCGGCAGAGGUACGUCC,(((((((.(((((....)))))....((((....))))..)).)))))
8U5K,>strand_A,gCGUACGAAGGAGAGGAGAGGaAGAGGAGAGUACGC,((((((........................))))))
8U5K,>strand_B,gCGUACGAAGGAGAGGAGAGGaaGAGGAGAGUACGC,((((((........................))))))
8U5K,>strand_C,gCGUACGAAGGAGAGGAGAGGaaGAGGAGAGUACGC,((((((........................))))))
3GOT,>strand_A,gGACAUAUAAUCGCGUGGAUAUGGCACGCAAGUUUCUACCGGGCACCGUAAAUGUCCGAUUAUGUCC,.(((((((..(.(((((.....[[))))).)[.....)]((((((]].....))))))..)))))).
5UZA,>strand_X,gGGAAGAUAUAAUCCuAAuGAUAUGGUUUGGGAGUUUCUACCAAGAGCCUUAAACUCUUGAUUAUCUUCCC,((((((((((..((((((......[[.))))))[.....)]((((((]].....)))))).[)))))))))
5UZA,>strand_a,a,]
5KH8,>strand_A,gGCGAUGGUGUUCGCCAUAAACGCUCUUCGGAGCUAAUGACACCUAC,[[[[..((((((]]]]......((((....))))....))))))...
8U5P,>strand_A,gCGUACGAAGGAGAGGAGAGGAAGAGGAGAGUACGC,((((((........................))))))
8U5P,>strand_B,gCGUACGAAGGAGAGGAGAGGAAGAGGAGAGUACGC,((((((........................))))))
8U5P,>strand_C,gCGUACGAAGGaGAGGAGAGGaaGAGGaGAGUACG,.(((((........................)))))
6DLT,>strand_A,gGAAAGUGUGUCUAGGGUUCCGCGUGCUUCGGCACGGACUGGUCCAAGUGACACAGACGCAUUCGUGCGUUACACCGGAGGGAUAGAAGCCCAGGCGGGUAGGUUUc,.((((.((((((..((...((((((((....)))))..).)).))....))))))((((((....)))))).[.(((..(((.......))).].))).....))))
3FU2,>strand_A,aGAGGUUCUAGcUACACCCUCUAUAAAAAACUAA,(((((...[[[.--...)))))........]]].
3FU2,>strand_B,aGAGGUUCUAGcUAcACCCUCUAUAAAAAACUAA,(((((...[[[.-....)))))........]]].
3FU2,>strand_C,aGAGGUUCUAGcUAcACCCUCUAUAAAAAACUAA,(((((...[[[.--...)))))........]]].
4Q9R,>strand_R,gGACGCGACCGAAAUGGUGAAGGACGGGUCCAGUGCGAAACACGCACUGUUGAGUAGAGUGUGAGCUCCGUAACUGGUCGCGUC,.((((((((((..((((.(.....(...(((((((((.....)))))))..)).........)..).))))..).)))))))))
4M6D,>strand_B,GGGCGGCUAAAGAGUGCAGAGUUACUUAGUUCACUGCAGACGCCC,--..(.((.......((((.(.(.[..)]..).)))))).)..--
4M6D,>strand_D,GGGCGGCUAAAGAGUGCAGAGUUACUUAGUUCACUGCAGACGCCC,-.(((.((.......((((.(.(.[..)]..).)))))).)))--
4M6D,>strand_F,GGGCGGCUAAAGAGUGCAGAGUUACUUAGUUCACUGCAGACGCCC,--..(.((.......((((.(.(.[..)]..).)))))).)..--
4M6D,>strand_H,GGGCGGCUAAAGAGUGCAGAGUUACUUAGUUCACUGCAGACGCCC,-.(((.((.......((((.(.(.[..)]..).)))))).)))--
4M6D,>strand_J,GGGCGGCUAAAGAGUGCAGAGUUACUUAGUUCACUGCAGACGCCC,--.((.((.......((((.(.(.[..)]..).)))))).)).--
4M6D,>strand_L,GGGCGGCUAAAGAGUGCAGAGUUACUUAGUUCACUGCAGACGCC,-.(((.((.......((.(.(.(.[..)]..).).)))).))).
4XWF,>strand_A,GGGUCGUGACUGGCGAACAGGUGGGAAACCACCGGGGAGCGACCCUUGCCGCCCGCCUGGGCAA,(((((((..((........(((((....))))).))..)))))))(((((.........)))))
1U1Y,>strand_R,cCGGgGGAUCACCACGg,(((..((....)).)))
1U1Y,>strand_S,CCGGgGGAUCACCACGG,-((..((....)).)).
6DLQ,>strand_A,gGAAAGUGUGUCUAGGGUUCCGCGUGCUUCGGCACGGACUGGUCCAAGUGACACAGACGCAUUCGUGCGUUACACCGGAGGGAUAGAAGCCCAGGCGGGUAGGUUUc,.((((.((((((..((...((((((((....)))))..).)).))....))))))((((((....)))))).[.(((..(((.......))).].))).....))))
8U5R,>strand_A,gCGUACGAAGGUGAGGAGAGGCGAGGAAGAGUACGC,((((((........................))))))
8U5R,>strand_B,gCGUACGAAGGUGAGGAGAGGCGAGGAAGAGUACGC,((((((........................))))))
8U5R,>strand_C,gCGUACGAAGGUGAGGAGAGGCGAGGAAGAGUACGC,((((((........................))))))
5NDI,>strand_A,uUUGCAGGACGACCUGcAAA,((((((((.[[.))))))))
5NDI,>strand_B,uUUGCAGGACGACCUGcAAA,((((((((.]].))))))))
5NDI,>strand_C,uUUGCAGGACGACCUGcAAA,((((((((.[[.))))))))
5NDI,>strand_D,uUUGCAGGACGACCUGcAAA,((((((((.]].))))))))
2EES,>strand_A,gGACAUUUAAUCGCGUGGAUAUGGCACGCAAGUUUCUACCGGGCACCGUAAAUGUCCGACAAUGUCC,.(((((((..(.(((((.....[[))))).)[.....)]((((((]].....))))))..)))))).
5OB3,>strand_A,GGGAGUACGGUGAGGGUCGGGUCCAGUAGGUACGCCUACUGUUGAGUAGAGUGUGGGCUCCGUACUCCC,((((((((((.(.....(...(((((((((....)))))))..)).........)..).))))))))))
7ELS,>strand_A,GAGUAGAAGCGUUCAGCGGCCGAAAGGCCGCCCGGAAAUUGCUCC,(((((....[.(((.((((((....))))))..])))..)))))(
7ELS,>strand_a,g,)
7ELS,>strand_B,GAGUAGAAGCGUUCAGCGGCCGAAAGGCCGCCCGGAAAUUGCUCC,(((((....[.(((.((((((....))))))..])))..))))).
7UZ0,>strand_A,gCGGAAGUAGUUCAGUGGUAGAACACCUACUGGCCCGAAAGGGUGGAACCCCAGUAGGGGGUCGCGGGUUCGAGUCCCGUCUUCCGC,(((((((..((((....[..)))).(((((((((((....))).......)))))))).....(((((..]....))))))))))))
5O69,>strand_A,ccGGACGAGGUGCGCCGUACCCGGUCAGGACAAGACGGcGC,[[[[.......(((((((.(]]]]....).....)))))))
5O69,>strand_B,ccGGACGAGGUGCGCCGUACCCGGUCaCGACAAGACGGcGC,[[[[.......(((((((.(]]]]--.-)-....)))))))
1KOD,>strand_A,AGAAGGAGUGU,((...((..((
1KOD,>strand_B,ACGGUUAGGUCGCU,)).......)).))
4TS2,>strand_X,gACGCGACCGaAuGAAAUGGUGAAGGACGGGUCCAGCCGGCUGc,(((((((((..(.(..((((.(.....(...((((((((((((.
4TS2,>strand_Y,gCAGCCGGCuUGUuGAGUAGAGUGUGAGCUCCGUAACUGGUCGCGUc,.)))))))).))..)).........)..).))))..)))))))))))
3P49,>strand_A,GGAUAUGAGGAGAGAUUUCAUCCAUUGCACUCCGGAUGAAACACCGAAGAAGUAAAUCUUUCAGGUAAAAAGGACUCAUAUUGGACGAACCUCUGGAGAGCUUAUCUAAGAGAUAACACCGAAGGAGCAAAGCUAAUUUUAGCCUAAACUCUCAGGUAAAAGGACGGAG,.((((((((....(.((.(((((..........))))).)))(((....(((.....)))...)))........))))))))........(((((.......((((.....))))..(((...((((....(((......))).....))).).))).......)))))
7V9E,>strand_A,CGGGCUGACCGACCCCCCGAGUUCGCUCGGGGACAACUAGACAUACAGUAUGAAaAUACUGaGCCCGC,(((((....((...(((((((....)))))))....)..).....((((((....)))))).))))).
8Q6N,>strand_A,gGAGUAGAAGCGUUCAGCGGCCGAAAGGCCGCCCGGAAAUUGCUCC,((((((....[.(((.((((((....))))))..])))..))))))
5NZ3,>strand_A,ccGGACGAGGUGCGCCGUACCCGGUCAGGACAAGACGGcGC,[[[[.......(((((((.(]]]]....).....)))))))
5NZ3,>strand_B,ccGGACGAGGUGCGCCGUACCCGGUCAGGACAAGACGGcGC,[[[[.......(((((((.(]]]]....).....)))))))
4W92,>strand_C,gCGCGCUUAAUCUGAAAUCAGAGCGGGGGACCCAUUGCACUcCGGGUUUUUCCCGUaGGGGUGAAUCCUUUUUAGGUAGGGCGAAAGCCCGAAUCCGUCAGCUAACCUCGUAAGCGCGC,(((((((...((((----))))((((((....(.........--------------.(((((....((.-----))..((((....))))..))))..).)....)))))).)))))))
4W92,>strand_a,aa,..
4QK8,>strand_A,gGUUGCCGAAUCCGAAAGGUACGGAGGAACCGCUUUUUGGGGUUAAUCUGCAGUGAAGCUGCAGUAGGGAUACCUUCUGUCCCGCACCCGACAGCUAACUCCGGAGGCAAUAAAGGAAGGAg,...((((....((....))..(((((....(.....(.{((((....((((((.....))))))..(((((.[[[[[[)))))..)))).)}.)....)))))..)))).....]]]]]]..
4QK8,>strand_a,aa,..
2EEV,>strand_A,gGACAUACAAUCGCGUGGAUAUGGCACGCAAGUUUCUGCCGGGCACCGUAAAUGUCCGACUAUGUCC,((((((((..(.(((((.....[[))))).)[.....)]((((((]].....))))))..)))))))
7MLW,>strand_F,gGAUCGCUAGGGUUCCGGUCGUGCGGCGUUCGCGCCGCACGAUGCUGGUCCGAGAGCAAUCCgGUCUUGCCUUCGCCUCGUUCGCGAGGAAACGGCGAGGCUCCACGGAGGGAUAAAAGCCCGGGAGG,((((.((..((...((((((((((((((.---))))))))))).).)).))....)).))))((..(((((.(..(((((....)))))..).)))))..)).(.[...(((.......))).)..].
2RU7,>strand_A,gGAGGAGGAGGA,............
2RU7,>strand_B,gGAGGAGGAGGA,............
3AGV,>strand_S,gGAGGuGcuccGAAAgGAAcuccA,((((....(((----))).))))-
3AGV,>strand_U,gGAGGuGcuccGAAAGGAAcuccA,..((....(((....))).))...
3G4M,>strand_A,gGACAUAUAAUCGCGUGGAUAUGGCACGCAAGUUUCUACCGGGCACCGUAAAUGUCCGACUAUGUCC,.(((((((..(.(((((.....[[))))).)[.....)]((((((]].....))))))..)))))).
4QKA,>strand_A,gGUUGCCGAAUCCGAAAGGUACGGAGGAACCGCUUUUUGGGGUUAAUCUGCAGUGAaGCUGCAGUAGGGAUACCUUCUGUCCCGCACCCGACAGCUAACUCCGGAGGCAAUAAAGGAAGGAg,...((((....((....))..(((((....(.....(.{((((....((((((.--..))))))..(((((.[[[[[[)))))..)))).)}.)....)))))..)))).....]]]]]]..
4QKA,>strand_a,aa,..
2QBZ,>strand_X,gGGCUUCGUUAGGUGAGGCUCCUGUAUGGAGAUACGCUGCUGCCCAAAAAUGUCCAAAGACGCCAAUGGGUCAACAGAAAUCAUCGACAUAAGGUGAUUUUUAAUGCAGCUGGAUGCUUGUCCUAUGCCAUACAGUGCUAAAGCUCUACGAUUGAAGCCCA,((((((((([.(((..(((..((((((((......(((((((((((....((((....))))....))))).....(((((((((......])))))))))..).))))).(.--------.)....)))))))).)))...)))..))....))))))).
6XKO,>strand_A,gAGCAACUUAGGAUUUUAGGCUCCCCGGCGUGUCUCGAACCAUGCCGGGCCAAACCCAUAGGGCUGGCGGUCCCUGUGCGGUCGAAAUUCAUCCGCCGGAG,[[[[......((((((...]]]](((((((((------..)))))))))....((((((((((........))))))).)))..))))))...........
6VUH,>strand_A,cUGGGUCGCAGUAACCCCAGUUAACAAAACAAG,(((((...[.[....))))).........]..]
7E9I,>strand_A,cUGGGUCGCAGuAACCCCAGUUAACAAAACAAG,(((((...[.[....))))).........]..]
2RSK,>strand_A,gGAGGAGGAGGA,............
2RSK,>strand_B,gGAGGAGGAGGA,............
3DIM,>strand_A,gGCCGACGGAGGCGCGCCCGAGAUGAGUAGGCUGUCCCAUCAGGGGAGGAAUCGGGGACGGCUGAAAGGCGAGGGCGCCGAAGGGUGCAGAGUUCCUCCCGCUCUGCAUGCCUGGGGGUAUGGGGAAUACCCAUACCACUGUCACGGAGGUCUCUCCGUGGAGAGCCGUCGGUc,(((((((((..(.((((((..(.......(((((((((..(..[[[[[[....))))))))))......)..)))))))..((((((((((((.]]]]]]))))))))).)))((.((((((((.....)))))))).)).((((((((....))))))))....)))))))))
6WTR,>strand_A,gGUUGCCGAAUCCUUUACUUGGUACGGAGGAACCGCUUUUUGGGGUUAAUCUGCAGUGAAGCUGCAGUAGGGAUACCUUCUGUCCCGCACCCGACAGCUAACUCCGGAGGCAAUAAAGGAAGGAG,...((((....((.......))..(((((....(.....(.{((((....((((((.....))))))..(((((.[[[[[[)))))..)))).)}.)....)))))..)))).....]]]]]]..
6WTR,>strand_a,aa,..
1ET4,>strand_A,gGAACCGGUGCGCAUAACCACCUCAGUGCGAGCAA,......[[[.{((....((]]]...).).}.))..
1ET4,>strand_B,gGAACCGGUGCGCAUAACCACCUCAGUGCGAGCAA,......[[[.{((....((]]]...).).}.))..
1ET4,>strand_C,gGAACCGGUGCGCAUAACCACCUCAGUGCGAGCAA,......[[[.{((....((]]]...).).}.))..
1ET4,>strand_D,gGAACCGGUGCGCAUAACCACCUCAGUGCGAGCAA,......[[[.{((....((]]]...).).}.))..
1ET4,>strand_E,gGAACCGGUGCGCAUAACCACCUCAGUGCGAGCAA,......[[[.{((....((]]]...).).}.))..
1NBK,>strand_A,gGGAGCUUGAUCCCGGAAACGGUCGAUCGCUCCC,((((((..(((((((....)))..))))))))))
4Y1J,>strand_A,AAAGGGGAGUAGCGUCGGGAAACCGAAACAAAGUCGUCUAUUCGUGAGGAAACUCACCGGCUUUGUUGACAUACGAAAGUAUGUUUAGCAAGACCUUUCC,(((((......((.((((....))))((((((((((.......(((((....)))))))))))))))(((((((....)))))))..))....)))))(.
4Y1J,>strand_B,AAAGGGGAGUAGCGUCGGGAAACCGAAACAAAGUCGUCUAUUCGUGAGGAAACUCACCGGCUUUGUUGACAUACGAAAGUAUGUUUAGCAAGACCUUUCC,(((((......((.((((....))))((((((((((.......(((((....)))))))))))))))(((((((....)))))))..))....)))))[.
4Y1J,>strand_a,gg,)]
3PDR,>strand_X,gGGCUUCGUUAGGUGAGGCUCCUGUAUGGAGAUACGCUGCUGCCCAAAAAUGUCCAAAGACGCCAAUGGGUCAACAGAAAUCAUCGACAUAAGGUGAUUUUUAAUGCAGCUGGAUGCUUGUCCUAUGCCAUACAGUGCUAAAGCUCUACGAUUGAAGCCCA,((((((((([.(((..(((..((((((((......(((((((((((....((((....))))....))))).....(((((((((......])))))))))..).))))).((........))....)))))))).)))...)))..))....))))))).
3PDR,>strand_A,gGGCUUCGUUAGGUGAGGCUCCUGUAUGGAGAUACGCUGCUGCCCAAAAAUGUCCAAAGACGCCAAUGGGUCAACAGAAAUCAUCGACAUAAGGUGAUUUUUAAUGCAGCUGGAUGCUUGUCCUAUGCCAUACAGUGCUAAAGCUCUACGAUUGAAGCCCA,((((((((([.(((..(((..((((((((......(((((((((((.....(((....))).....))))).....(((((((((......])))))))))..).))))).((........))....)))))))).)))...)))..))....))))))).
4YB1,>strand_R,GGGCACGCACAGAGCAAACCAUUCGAAAGAGUGGGACGCAAAGCCUCCGGCCUAAACCAUUGCACCUCGGUAGGUAGCGGGGUUACCGAUG,...((((......((...((((((....))))))..[))...(((.(((((((...((..........)).)))).]))))))...)).))
4YB1,>strand_a,a,.
6P2H,>strand_A,gGGUGUAAUCUCCAAAAUAUGGUUGGGGAGCCUCCACCAGUGAACCGUAAAAUCGCUGUCACCACCCAG,((((((..(((((((.....[[)))))))......).((((((.]]......))))))...[)))))..
6P2H,>strand_a,g,]
6VWT,>strand_A,gGGAAGAUAUAAUCCUAAUGAUAUGGUUUGGGAGUUUCUACCAAGAGCCUUAAACUCUUGAUUAUCUUCCC,((((((((((..((((((......[[.))))))[.....)]((((((]].....)))))).[)))))))))
6VWT,>strand_a,a,]
6VWT,>strand_B,gGGAAGAUAUAAUCCUAAUGAUAUGGUUUGGGAGUUUCUACCAAGAGCCUUAAACUCUUGAUUAUCUUCCC,((((((((((..((((((......[[.))))))[.....)]((((((]].....))))))..)))))))))
2XNZ,>strand_A,GGACAUAUAAUCGCGUGGAUAUGGCACGCAAGUUUCUACCGGGCACCGUAAAUGUCCGAUUAUGUC,-(((((((..(.(((((.....[[))))).)[.....)]((((((]].....))))))..))))))
3OX0,>strand_A,gGCUCUGGAGAGAACCGUUUAAUCGGUCGCCGAAGGAGCAAGCUCUGCGGAAACGCAGAGUGAAACUCUCAGGCAAAAGGACAGAGUc,(((((((....(.((((......)))))(((...((((...((((((((....))))))))....))).).))).......)))))))
3OX0,>strand_B,GGCUCUGGAGAGAACCGUUUAAUCGGUCGCCGAAGGAGCAAGCUCUGCGGAAACGCAGAGUGAAACUCUCAGGCAAAAGGACAGAGUc,(((((((....(.((((......)))))(((...((((...((((((((....))))))))....))).).))).......)))))))
4FEN,>strand_B,gGACAUAUAUACGCGUGGAUAUGGCACGCGAGUUUCUACCGGGCACCGUAAAUGUCCGACUAUGUCC,((((((((...((((((.....[[)))))).[.....)]((((((]].....))))))..)))))))
7ELR,>strand_A,GAGUAGAAGCGUUCAGCGGCCGAAAGGCCGCCCGGAAAUUGCUCC,(((((....[.(((.((((((....))))))..])))..)))))(
7ELR,>strand_a,g,)
7ELR,>strand_B,GAGUAGAAGCGUUCAGCGGCCGAAAGGCCGCCCGGAAAUUGCUCC,(((((....[.(((.((((((....))))))..])))..))))).
5VOF,>strand_A,gAGAGccccAGcGAGAuAAuAcuuGGccccGcucuu,((((((....(((((......))).))...))))))
4RZD,>strand_A,gAGCAACUUAGGAUUUUAGGCUCCCCGGCGUGUCUcGAACCAUGCCGGGCCAAACCCAUAGGGCUGGCGGUCCCUGUGCGGUCAAAAUUCAUCCGCCGGAG,[[[[......((((((...]]]](((((((((.--.....)))))))))....((((((((((........))))))).)))..))))))...........
6N5T,>strand_A,gGUUGCCGAAUCCCCUAGAAAGGUACGGAGGAACCGCUUUUUGGGGUUAAUCUGCAGUGAAGCUGCAGUAGGGAUACCUUCUGUCCCGCACCCGACAGCUAACUCCGGAGGCAAUAAAGGAAGGAG,...((((....((........))..(((((....(.....(.{((((....((((((.....))))))..(((((.[[[[[[)))))..)))).)}.)....)))))..)))).....]]]]]]..
6N5T,>strand_a,aa,..
7KGA,>strand_A,GGGGGCCAGAUGUCAUGUCUCUCAAGCCUAGGAGACACUAGACACUCUGGACUAUCGGUUAGAGGAAACCCCCCCAAAAAUGUAUAGGCU,((((((((((((((((((((((...[[[[.))))))).).)))).)))))<((.<.{{{....)).{{{{)))))..........]]]]-
7KGA,>strand_B,GGGGGCCAGAUGUCAUGUCUCUCAAGCCUAGGAGACACUAGACACUCUGGACUAUCGGUUAGAGGAAACCCCCCCAAAAAUGUAUAGGCU,((((((((((((((((((((((...[[[[[))))))).).)))).)))))>((.>.}}}}...))..}}}))))).........]]]]].
5O62,>strand_A,ccGGACGAGGUGCGCCGUACCCGGUCAGGACAAGACGGcGC,[[[[.......(((((((.(]]]]....).....)))))))
5O62,>strand_B,ccGGACGAGGUGCGCCGUACCCGGUCAGGACAAGACGGcGC,[[[[.......(((((((..]]]]--------..)))))))
7RWR,>strand_A,gGAUACACAAGAGUGAUUGAAACUAAGUCUGUGUAUCC,((((((((.(((...............)))))))))))
7RWR,>strand_a,u,.
8HZE,>strand_A,GAAGAUUGUAAACAUGCCGAAAGGCAGACACUUCC,((((..........((((....))))....))))(
8HZE,>strand_a,g,)
8HZE,>strand_B,GAAGAUUGUAAACAUGCCGAAAGGCAGACACUUCC,((((..........((((....))))....)))).
8D2B,>strand_A,gGCGAUACCAGCCGAAAGGCCCUUGGCAGCGCC,((((...((.(((....)))....))...))))
8D2B,>strand_B,gGCGAUACCAGCCGAAAGGCCCUUGGCAGCGCC,((((...((.(((....)))....))...))))
8XZN,>strand_A,gGGUGUGUACCGUUCAACUCGUCCCAGCUUCGACUGGGACUACGGGAGCGCCU,((((((...((((.......((((((((...).))))))).))))..))))))
8UTA,>strand_N,GGACAAAGAUAAAAACACAACGUAUGGCGAAACACGUCAUACAGAUCCGGUAGGUAGUCCGGACAUAAACAGCGGUAUAAAGCGCUGUUUAUAAGUAACCUUCCUCCUUAGGUCGUCCAUUCUUUGUC,.((((((((.......{{...((((((((.....)))))))).(.(((((..[[.[}}))))))((((((((((.-----..))))))))))...]...(..(((....)))..).]]..))))))))
8UTA,>strand_R,GGACAAAGAUAAAAACACAACGUAUGGCGAAACACGUCAUACAGAUCCGGUAGGUAGUCCGGACAUAAACAGCGGUAUAAAGCGCUGUUUAUAAGUAACCUUCCUCCUUAGGUCGUCCAUUCUUUGUC,.((((((((.......{{...((((((((.....)))))))).(.(((((..[[.[}}))))))((((((((((........))))))))))...]...(..(((....)))..).]]..))))))))
6WLU,>strand_A,gGUCCGUUGAAGACUGCAGGAGAGUGGUUGUUAACCAGAUUUUAACAUCUGAGCCAAAUAACCCGCCGAAGAAGUAAAUCUUUCAGGUGCAUUAUUCUUAGCCAUAUAUUGGCAACGAAUAAGCGAGGACUGUAGUUGGAGGAACCUCUGGAGAGAACCGUUUAAUCGGUCGCCGAAGGAGCAAGCUCUGCGCAUAUGCAGAGUGAAACUCUCAGGCAAAAGGACAGAGGA,..(((......((((((((....(.(((((((...(((((......))))).....))))))))(((...((((.....))))..)))((.((((((.(.((((.....)))).).)))))))).....))))))))...))).((((((....(.((((......)))))(((...((((...((((((((....))))))))....))).).))).......)))))).
5FKG,>strand_A,gGCUUAUCAAGAGAGGGGGAGUGACUGGCGCGAAGACCCCCGGCAACCAGAAAUGGUGCCAAUUCCUGCAGCGGAAACGUUGAAAGAUGAGCCG,((((((((....(.(((...(((.[.[[)))......))))(((..(((....))).)))...(]].](((((....)))))..))))))))).
5FKG,>strand_a,a,.
5DDO,>strand_A,CGUUGGCCCAGGAAACUGGGUGGAAGUAAGGUCCAUUGCACUCCGGGCCUGAAGCAACGCU,(((((((((((....))))))---....((((((..........))))))....)))))..
5DDO,>strand_B,CGUUGGCCCAGGAAACUGGGUGGAAGUAAGGUCCAUUGCACUCCGGGCCUGAAGCAACGCU,(((((((((((....))))))---.....(((((..........))))).....)))))..
7EOI,>strand_A,GGCGCACUGGCGCUGCGCCUUCGGGCGCCAAUCGUAGCGUGUCGGCGCC,(((((.(..((((((((((....))))).......)))))...))))))
7ZJ4,>strand_E,gGAUACGUCUACGCUCAGUGACGGACUCUCUUCGGAGAGUCUGACAUCCGAACCAUACACGGAUGUGCCUCGCCGAACAGUCUACGGCGAGCUUAAGCGCUGGGGACGCCCAACGCAUCACAAAGACUGAGUGAUGAACCAGAAGUAUGGACUGGUUGCGUUGGUGGAGACGGUCGGGUCCAGUUCGCUGUCGAGUAGAGUGUGGGCUCCAUCGACGCCGCUUUAAGGUCCCCAAUCGUGGCGUGUCGGCCUGCUUCGGCAGGCACUGGCGCCGGGACCUUGAAGAGAUGAGAUUUCGAUCUCAUCUUUGGGUGUCUCUGGUGCUUGAGGGCCCUGUGUUCGCACAGGGCCGCUCACUGGGUGUGGACGUAUCC,((((((((((((((((((((((((((((((....)))))))))(((((((..[[[[[[.)))))))(((((((((..[[[[[[.)))))))((((((((((((((((((((((((((((((..]]]]]].))))))((((((..]]]]]].))))))((((((((((((.....(....((((....)))..)..........)..))))))))))))))((((((((((((.......(((((...(((((((....)))))).)..)))))))))))))))))(((((((((....)))))))))))))))))))))))))))))))(((((((((....))))))))))))))))))))))))))))))))
3DIR,>strand_A,gGCCGACGGAGGCGCGCCCGAGAUGAGUAGGCUGUCCCAUCAGGGGAGGAAUCGGGGACGGCUGAAAGGCGAGGGCGCCGAAGGGUGCAGAGUUCCUCCCGCUCUGCAUGCCUGGGGGUAUGGGGAAUACCCAUACCACUGUCACGGAGGUCUCUCCGUGGAGAGCCGUCGGUc,(((((((((..(.((((((..(.......(((((((((..(..[[[[[[....))))))))))......)..)))))))..((((((((((((.]]]]]]))))))))).)))((.((((((((.....)))))))).)).((((((((....))))))))....)))))))))
3SKL,>strand_A,gGCUUAUACAGGGUAGCAUAAUGGGCUACUGACCCCGCCUUCAAACCUAUUUGGAGACUAUAAGUc,(((((((((..((((((.....[[))))))[.....)](((((((]]..))))))).[))))))))
3SKL,>strand_a,g,]
3SKL,>strand_B,gGCUUAUACAGGGUAGCAUAAUGGGCUACUGACCCCGCCUUCAAACCUAUUUGGAGACUAUAAGUc,(((((((((..((((((.....[[))))))[.....)](((((((]]..)))))))..))))))))
3K1V,>strand_A,aGAGGUUCUAGcACAUcCCUCUAUAAAAAACUAA,(((((...[[[.----.)))))........]]].
7ELQ,>strand_A,GAGUAGAAGCGUUCAGCGGCCGAAAGGCCGCCCGGAAAUUGCUCC,(((((....[.(((.((((((....))))))..])))..)))))(
7ELQ,>strand_a,g,)
7ELQ,>strand_B,GAGUAGAAGCGUUCAGCGGCCGAAAGGCCGCCCGGAAAUUGCUCC,(((((....[.(((.((((((....))))))..])))..))))).
8XZL,>strand_A,gGGUGUGUACCGUUCAACUCGUCCCAGCUUCGACUGGGACUACGGGAGCGCCU,((((((...((((.......((((((((...).))))))).))))..))))))
4EN5,>strand_A,gGGCGAUGAGGCCCGCCCAAACUGCCCUGAAAAGGGCUGAUGGCCUCUACUG,.[[[[..((((((]]]]......(((((....)))))....)))))).....
8XZM,>strand_A,gGGUGUGUACCGUUCAACUCGUCCCAGCUUCGACUGGGACUACGGGAGCGCCU,((((((...((((.......((((((((...).))))))).))))..))))))
4MEH,>strand_A,aGCGCCuGGACUUAAAGCCAUuGCACU,..((((.(((((((((((....-----
4MEH,>strand_B,GGCGGCUUUAAGUUGACGAGGGCAGGGUuAaACGAGACAUCGGCGAGUGCCCUGCGGUCUUCCUGCGACCGUUAGAGGACUGGUAAAACCACAGGCGACUGUGGCAUAGAgCAGUCCGGGCAGGAa,---.))))))))))..((....[[[[[[....))......)))))...]]]]]](((((-.[[[[[))))).....((((((......((((((....)))))).......))))))..]]]]]..
6WLQ,>strand_A,gGUCAUGAGUGCCAGCGUCAAGCCCCGGCUUGCUGGCCGGCAACCCUCCAACCGCGGUGGGGUGCCCCGGGUGAUGACCAGGUUGAGUAGCCGUGACGGCUACGCGGCAAGCGCGGGUC,((((....(.((((((....((.[[[[[)).)))))))((((.((((((..{{{{)).))))))))]]]]]....))))..((((.(((((((...))))))).))))....}}}}...
2RRC,>strand_A,gGACCCaCCACGGCGAGGUCCA,((((((.(....).).))))).
7EOM,>strand_A,GCGCACUGGCGCUGCGCCUUCGGGCGCCAAUCGUAGCGUGUCGGCGCC,((((.(..((((((((((....))))).......)))))...)))))(
7EOM,>strand_a,g,)
2B57,>strand_A,gACAUAUAAUCGCGUGGAUAUGGCACGCAAGUUUCUACCGGGCACCGUAAAUGUCCGAUUAUGUC,(((((((..(.(((((.....[[))))).)[.....)]((((((]].....))))))..))))))
5NY8,>strand_A,cCGGACGAGGUGCGCCGUACCCGGUCAGGACAAGACGGcGC,[[[[.......(((((((.(]]]]....).....)))))))
5NY8,>strand_B,cCGGACGAGGUGCGCCGUACCCGGUCAGGACAAGACGGcGC,[[[[.......(((((((.(]]]]....).....)))))))
7EOL,>strand_A,GCGCACUGGCGCUGCGCCUUCGGGCGCCAAUCGUAGCGUGUCGGCGCC,((((.(..((((.(((((....)))))........))))...)))))(
7EOL,>strand_a,g,)
1AM0,>strand_A,GGGUUGGGAAGAAACUGUGGCACUUCGGUGCCAGCAACCC,-----(...........(--------------).)-----
1AM0,>strand_a,a,.
3GOG,>strand_A,GgACAUGUAAUCGCGUGGAUAUGGCACGCAAGUUUCUACCGGGCACCGUAAAUGUCCGACCAUGUC,-(((((((..(.(((((.....[[))))).)[.....)]((((((]].....))))))..))))))
3UCU,>strand_R,gGUCACGCACAGGGCAAACCAUUCGAAAGAGUGGGACGCAAAGCCUCCGGCCUAAACCAUUGCACUCCGGUAGGUAGCGGGGUUACCGAUGG,...(.((......((...((((((....))))))..[))...(((.((((((((..((..........))))))).]))))))..[))...)
3UCU,>strand_A,gG,.]
1ULL,>strand_A,gGCUGGACUCGUACUUCGGUACUGGAGAAACAGCC,(((((..(((((((....))))..)))...)))))
6UFG,>strand_B,gGGCCUAUAGCUCAGGCGGUUAGAGCGCUUCGCUGAUAACGAAGAGGUCGGAGGUUCAAGUCCUCCUAGGCCCGCCA,(((((((..((((.....[...)))).(((((..{{{..))))).....(((((..]....))))))))))))[[[[
6UFG,>strand_A,gGCAUCGAUCCGGCGAUCACCGGGGAGCCUUCGGAAGAACGGCCGGUUAGGCCCAGUAGAACCGAACGGGUUGGCCCGUCACAGCCUCAAGUCGAGCGGCCGCGCGAAAGCGUGGCAAGCGGGGUGGCACCGCGGCGUUCGCGCGAAAGCGUGGCGUCGUCCCCGc,(((......((((..}}}.))))...)))(((((......((((----.))))........)))))(((...[[[))).....]]].........{..(((((((....)))))))..((((((]]]]..}(((((((.(((((....))))))))))))))))))
6V9D,>strand_B,aUCGAGGGAGUGGUGAGGAUGAGGCGAU,.((((.......................
6V9D,>strand_E,aUCGAGGGAGUGGUGAGGAUGAGGCGA,.))))......................
3TZR,>strand_A,cGAGGAACUACUGUCUUCCC,(((((.....(((((..((.
3TZR,>strand_B,gGUCGUGCAGCCUCGG,))..).))))))))).
5C7W,>strand_C,GGAAUAUAAUCGCGUGGAUAUGGCACGCAAGUUUCUACCGGGCACCGUAAAUGUCCGACUAUUCC,(((((((..(.(((((.....[[))))).)[.....)]((((((]].....))))))..))))))
6DB8,>strand_R,GGAUGCGCCUUGAAAAGCCUGCGAAACACGCAGCUGGUGAAUGACAGCUAUGGCGCAUCC,(((((((((..(.....[).(((.....)))(((((......].)))))..)))))))))
7EOG,>strand_A,GCGCACUGGCGCUGCGCCUUCGGGCGCCAAUCGUAGCGUGUCGGCGCC,((((.(..((((((((((....))))).......)))))...)))))(
7EOG,>strand_a,g,)
2XO0,>strand_A,GgACAUAUAAUCGCGUGGAUAUGGCACGCAAGUUUCUACCGGGCACCGUAAAUGUCCGAUUAUGUc,-.((((((..(.(((((.....[[))))).)[.....)]((((((]].....))))))..))))).
6N5P,>strand_A,gGUUGCCGAAUCCAUGUCGUUUGGUACGGAGGAACCGCUUUUUGGGGUUAAUCUGCAGUGAAGCUGCAGUAGGGAUACCUUCUGUCCCGCACCCGACAGCUAACUCCGGAGGCAAUAAAGGAAGGAG,...((((....(((.......)))..(((((....(.....(.{((((....((((((.....))))))..(((((.[[[[[[)))))..)))).)}.)....)))))..)))).....]]]]]]..
6N5P,>strand_a,aa,..
7EOH,>strand_A,gGCGCACUGGCGCUGCGCCUUCGGGCGCCAAUCGUAGCGUGUCGGCGCC,(((((.(..((((((((((....))))).......)))))...))))))
8D28,>strand_B,gGCGAUACCAGCCGAAAGGCCCUUGGCAGCGCC,((((...((.(((....)))....))...))))
8D28,>strand_A,gGCGAUACCAGCCGAAAGGCCCUUGGCAGCGCC,((((...((.(((....)))....))...))))
3OXB,>strand_A,gGCUCUGGAGAGAACCGUUUAAUCGGUCGCCGAAGGAGCAAGCUCUGCGGAAACGCAGAGUGAAACUCCCAGGCAAAAGGACAGAGUc,((((.((....(.((((......)))))(((...((((...((((((((....))))))))....))).).))).......)).))))
3OXB,>strand_B,GGCUCUGGAGAGAACCGUUUAAUCGGUCGCCGAAGGAGCAAGCUCUGCGGAAACGCAGAGUGAAACUCCCAGGCAAAAGGACAGAGUc,(((((((....(.((((....-.)))))(((...((((...((((.(((....))).))))....))).).))).......)))))))
6E8U,>strand_B,gUACgAAGGAAGGUUUGGUAUGGGGuAGUUGUCGUAC,((((((....(..................).))))))
7EOO,>strand_A,GCGCACUGGCGCUGCGCCUUCGGGCGCCAAUCGUAGCGUGUCGGCGCC,((((.(..((((((((((....))))).......)))))...)))))(
7EOO,>strand_a,g,)
3B4B,>strand_A,GCGCCuGGACUUAAAGCCAUUGCACU,.((((.((((((.(((((..------
3B4B,>strand_B,CCGGCUUUAAGUUGACGAGAGCAGGGUUUAUCGAGACAUCGGCGGGUGCCCUGCGGUCUUCCUGCGACCGUUAGAGGACUGGuAAAACCACAGGCGACUGUGGCAUAGAGCAGUCCGGGCAGGAA,--))))).)))))..(((...[[[[[[...)))......)))))...]]]]]][[[[[.((((((]]]]].....((((((......((((((....)))))).......))))))..)))))).
3B4B,>strand_a,a,.
6HBX,>strand_A,gGUGGGGACGACCCCAcC,(((((((....)))))))
6UC7,>strand_B,gGACAUAUAAUCGCGUGGAUAUGGCACGCAAGUUUCUACCGGGCACCGUAAAUGUCCGACUAUGUCC,((((((((..(.(((((.....[[))))).)[.....)]((((((]].....))))))..)))))))
4XNR,>strand_X,GGGAAGAUAUAAUCCUAAUGAUAUGGUUUGGGAGUUUCUACCAAGAGCCUUAAACUCUUGAUUAUCUUCCC,((((((((((..((((((......[[.))))))[.....)]((((((]].....)))))).[)))))))))
4XNR,>strand_a,a,]
6XKN,>strand_A,gAGCAACUUAGGAUUUUAGGCUCCCCGGCGUGUCUCGAACCAUGCCGGGCCGAACCCAUAGGGCUGGCGGUCCCUGUGCGGUCAAAAUUCAUCCGCCGGAG,[[[[......((((((...]]]](((((((((.-----..))))))))).....(((((((((........))))))).))...))))))...........
3MUT,>strand_R,gGUCACGCACAGAGCAAACCAUUCGAAAGAGUGGGACGCAAAGCCUCCGGCCUAAACCAUUGCACUCCGGUAGGUAGCGGGGUUAUCGAUGG,...(.((......((...((((((....))))))..[))...(((.((((((((..((..........))))))).]))))))..[))...)
3MUT,>strand_a,g,]
3VRS,>strand_A,gGGCGAUGAGGCCCGCCCAAACUGCCCUGAAAAGGGCUGAUGGCCUCUACUG,.[[[[..((((((]]]]......(((((....)))))....)))))).....
5VJB,>strand_A,gCGGGGACGACCCuGC,((((((.[[.))))))
5VJB,>strand_B,gCGGGGACGACCCuGC,((((((.]].))))))
5VJB,>strand_C,gCGGGGACGACCCuGC,((((((.[[.))))))
5VJB,>strand_D,gCGGGGACGACCCuGC,((((((.]].))))))
4FE5,>strand_B,gGACAUAUAAUCGCGUGGAUAUGGCACGCAAGUUUCUACCGGGCACCGUAAAUGUCCGACUAUGUCC,((((((((..(.(((((.....[[))))).)[.....)]((((((]].....))))))..)))))))
5FKH,>strand_A,gGCUUAUCAAGAGAGGGUGAGCGACUGGCGCGAAGACCCCCGGCAACCAGAAAUGGUGCCAAUUCCUGCAGCGGAAACGUUGAAAGAUGAGCCG,((((((((....(.(((...(((.[.[[)))......))))(((..(((....))).)))...(]].](((((....)))))..))))))))).
5FKH,>strand_a,a,.
4JF2,>strand_A,gGAACCGCGAAAGCGGUUCCACGACGAUACUUAUUUCCUUUGAUCGUCGUUAUUACUGGCUUCGGCCACAAAGGAGA,((((((((....))))))))((((((((.......[[[[[..))))))))......((((....))))..]]]]]..
1KOC,>strand_A,AGAAGGAGCGU,((...((..(.
1KOC,>strand_B,ACAGGUAGGUCGCU,.).......)).))
3SKZ,>strand_A,gGCCUUAUACAGGGUAGCAUAAUGGGCUACUGACCCCGCCUUCAAACCUAUUUGGAGACUAUAAGGUc,((((((((((..((((((.....[[))))))[.....)](((((((]]..))))))).[)))))))))
3SKZ,>strand_a,g,]
3SKZ,>strand_B,gGCCUUAUACAGGGUAGCAUAAUGGGCUACUGACCCCGCCUUCAAACCUAUUUGGAGACUAUAAGGUc,((((((((((..((((((.....[[))))))[.....)](((((((]]..)))))))..)))))))))
4ENC,>strand_A,GGGCGAUGAGGCCCGCCCAAACUGCCCUGAAAAGGGCUGAUGGCCUCUACUG,.[[[[..((((((]]]]......(((((....)))))....)))))).....
5BJO,>strand_E,gGCGCGAGGAAGGAGGuCUGAGGAGGUCACUGCGCC,(((((...(........).((.....))...)))))
5BJO,>strand_Y,gGCGCGAGGAAGGAGGuCUGAGGAGGUCACUGCGCC,(((((...(........).(.......)...)))))
5LWJ,>strand_A,gGCAGCCAGAAGAGCACGUAUACGCAAGGCUGUC,(((((((....[.((.{.....]))..)))))))
5LWJ,>strand_a,g,}
4L81,>strand_A,gGAUCACGAGGGGGAGACCCCGGCAACCUGGGACGGACACCCAAGGUGCUCACACCGGAGACGGUGGAUCCGGCCCGAGAGGGCAACGAAGUCCGU,(((((....((((....))))(((..((((((.[[[[..))).))).)))..(((((....)))))))))).((((....)))).......]]]].
4L81,>strand_a,a,.
6VWV,>strand_A,gGGAAGAUAUAAUCCUAAUGAUAUGGUUUGGGAGUUUCUACCAAGAGCCUUAAACUCUUGAUUAUCUUCCC,.(((((((((..((((((....[.[[.))))))[.....)]((((((]][....)))))).{)))))))).
6VWV,>strand_B,gGGAAGAUAUAAUCCUAAUGAUAUGGUUUGGGAGUUUCUACCAAGAGCCUUAAACUCUUGAUUAUCUUCCC,.(((((((((..((((((....].[[.))))))[.....)]((((((]]]....))))))..)))))))).
6VWV,>strand_a,a,}
3SKW,>strand_A,gGCUUAUACAGGGUAGCAUAAUGGGCUACUGACCCCGCCUUCAAACCUAUUUGGAGACUAUAAGUc,(((((((((..((((((.....[[))))))[.....)](((((((]]..))))))).[))))))))
3SKW,>strand_a,g,]
3SKW,>strand_B,gGCUUAUACAGGGUAGCAUAAUGGGCUACUGACCCCGCCUUCAAACCUAUUUGGAGACUAUAAGUc,(((((((((..((((((.....[[))))))[.....)](((((..]]....)))))..))))))))
7KVV,>strand_D,gGGAAGAUACAAGGUGAGCCCAAUAAUAUGGUUUGGGUUAGGAUAGGAAGUAGAGCCUUAAACUCUCUAAGCGGUAUCUUCCC,((((((((((.......((((((......[[.))))))........(..(.((((]].....)))))....).))))))))))
6E1V,>strand_A,cUGGGUCGCAGUcccCCCAGUUAACAAAACAAG,(((((...[.[....))))).........]..]
2N0J,>strand_A,gGCUGCUUGUCCUUUAAUGGUCCAGUC,(((((...(.((......)).))))))
3UCZ,>strand_R,gGUCACGCACAGGGCAAACCAUUCGAAAGAGUGGGACGCAAAGCCUCCGGCCUAAACCAUUGCACUCCGGUAGGUAGCGGGGUUACCGAUGG,...(.((......((...((((((....))))))..[))...(((.((((((((..((..........))))))).]))))))..[))...)
3UCZ,>strand_D,gg,.]
7ELP,>strand_A,GAGUAGAAGCGUUCAGCGGCCGAAAGGCCGCCCGGAAAUUGCUCC,(((((....[.(((.((((((....))))))..])))..)))))(
7ELP,>strand_a,g,)
7ELP,>strand_B,GAGUAGAAGCGUUCAGCGGCCGAAAGGCCGCCCGGAAAUUGCUCC,(((((....[.(((.((((((....))))))..])))..))))).
6DLR,>strand_A,GGAAAGUGUGUCUAGGGUUCCGCGUGCUUCGGCACGGACUGGUCCAAGUGACACAGACGCAUUCGUGCGUUACACCGGAGGGAUAGAAGCCCAGGCGGGUAGGUUUc,.((((.((((((..((...((((((((....)))))..).)).))....))))))((((((....)))))).[.(((..(((.......))).].))).....))))
3MUV,>strand_R,gGUCACGCACAGAGCAAACCAUUCGAAAGAGUGGGACGCAAAGCCUCCGGCCUAAACCGAUUGCACUCCGGUAGGUAGCGGGGUUAUCGAUG,...((((......((...((((((....))))))..[))...(((.(((((((...((-..........)).)))).]))))))...)).))
3MUV,>strand_a,a,.
8XZR,>strand_A,gGGUGUGUACCGUUCAACUCGUCCCAGCUUCGACUGGGACUACGGGAGCGCCU,((((((...((((.......((((((((...).))))))).))))..))))))
5FKD,>strand_A,gGCUUAUCAAGAGAGGGAGAGCGACUGGCGCGAAGAUCCCCGGCAACCAGAAAUGGUGCCAAUUCCUGCAGCGGAAACGUUGAAAGAUGAGCCG,((((((((....(.(((...(((.[.[[)))......))))(((..(((....))).)))...(]].](((((....)))))..))))))))).
5FKD,>strand_a,a,.
8UIW,>strand_N,gGACAAAGAUAAAAACACAACGUAUGGCGAAACACGUCAUACAGAUCCGGUAGGUAGUCCGGACAUAAACAGCGGUAUAAAGCGCUGUUUAUAAGUAACCUUCCUCCUUAGGUCGUCCAUUCUUUGUC,.((((((((.......{{...((((((((.....)))))))).(.(((((..[[.[}}))))))((((((((((.------.))))))))))...]...(..(((....)))..).]]..))))))))
8UIW,>strand_R,gGACAAAGAUAAAAACACAACGUAUGGCGAAACACGUCAUACAGAUCCGGUAGGUAGUCCGGACAUAAACAGCGGUAUAAAGCGCUGUUUAUAAGUAACCUUCCUCCUUAGGUCGUCCAUUCUUUGUC,.((((((((.......{{...((((((((.....)))))))).(.(((((..[[.[}}))))))((((((((((........))))))))))...]...(..(((....)))..).]]..))))))))
8U60,>strand_A,gCGUACGAAGGAGAGGAGAGGAuGAGGAGAGUACGC,((((((........................))))))
8U60,>strand_B,gCGUACGAAGGAGAGGAGAGGAUGAGGAGAGUACGC,((((((........................))))))
8U60,>strand_C,gCGUACgAAGGAGAGGAGAGGAuGAGGAGAGUACGC,((((((........................))))))
8XZO,>strand_A,gGGUGUGUACCGUUCAACUCGUCCCAGCUUCGACUGGGACUACGGGAGCGCCU,((((((...((((.......((((((((...).))))))).))))..))))))
2PN9,>strand_A,gGAGCCUGGGAGCUCC,((((([[[[[.)))))
2PN9,>strand_B,cACGGUCCcaGACGUG,((((..]]]]].))))
1FMN,>strand_A,gGCGUGUAGGAUAUGCUUCGGCAGAAGGACACGCC,(((((((......(((....))).....)))))))
1FMN,>strand_a,u,.
4ERJ,>strand_A,gGACGGAGGCGCGCCCGAGAUGAGUAGGCUGUCCCAUCAGGGGAGGAAUCGGGGACGGCUGAAAGGCGAGGGCGCCGAAGCGAGCAGAGUUCCUCCCGCUCUGCUUGGCUGGGGGUGAGGGGAAUACCCUUACCACUGUCGCGAAAGCGGAGAGCCGUCCA,((((((..(.((((((..(.......(((((((((..(..[[[[[[....))))))))))......)..)))))))..((((((((((((.]]]]]]))))))))).)))((.(((.((((.....)))).))).))..(((....))).....)))))).
6SY6,>strand_D,GGCGGAGAAUGUUAUGGCCUUCGGGCAGAGAAAACCG,-..((...........(((....)))........)).
6DMD,>strand_A,gGAAGUGUACCUAGGGAUCCACCUCGAGAGAGGAAGGACCAAGCGGUACAGGCCUACUUCGGUAGGUUACACCGUGGGGAUAAAAGACCCGUGGCAAGUUUc,((((.((((((..((...((.((((....))))..)).))....))))))(((((((....))))))).[.(((((((.........)))))))....))))
6DMD,>strand_a,g,]
6DMD,>strand_B,gGAAGUGUACCUAGGGAUCCACCUCGAGAGAGGAAGGACCAAGCGGUACAGGCCUACUUCGGUAGGUUACACCGUGGGGAUAAAAGACCCGUGGCAAGUUUc,((((.((((((..((...((.((((....))))..)).))....))))))(((((((....)))))))...(((((((.........)))))))....))))
8EYU,>strand_B,gCGCCgGUUAgGCAGAGGUGGGUGGUGUGGAGGAGUAUCUGUCCGGCGC,((((((----((((((.........(..........)))))))))))))
8EYU,>strand_A,gCGCCGGUuAGGCAGAGGUGGGUGGUGUGGAGGAGUAUCUGUCCGGCGC,(((((((....(((((.........(..........)))))))))))))
6CK4,>strand_A,GUGAAAGUGUACCUAGGGUUCCAGCCUAUUUGUAGGUGUUCGGACCGAGCGGUACAGGUAUAUUUUUAUAUACCACACCUUAGGGACAAAAGCCCGaGAGGAuAGGUUUCACUCGUA,-(((((.((((((..((...(.((((((.--.)))))..)..).))....))))))((((---------.)))).[.((((.(((.......)))..)))).....)))))(.----
6CK4,>strand_B,GUGAAAGUGUACCUAGGGUUCCAGCCUAUUuGUAGGUGUUCGGACCGAGCGGUACAGGUAUAUUUUUaUAUACCACACCUUAGGGACAAAAGCCCGAGAGGAuAGGUUUCACUCGUA,((((((.((((((..((...((((((((....)))))..).)).))....))))))(((((((.---))))))).{.((((.(((.......)))..))))..-..))))))-----
6CK4,>strand_C,GUGAAAGUGUACCUAGGGUUCCAGCCUAUUuGUAGGUGuUCGGACCGAGCGGUACAGGUAUAUUUUUaUAUACCACACCUUAGGGACAAAAGCCCGaGAGGAUAGGUUUCACUCGUA,((((((.((((((..((...(((((((((..))))))..).)).))....))))))(((((((.---))))))).<.((((.(((.......)))-.)))).....))))))-----
6CK4,>strand_a,gggg,)]}>
6CK4,>strand_D,guGAAAGUGUACCUAGGGUUCCAGCCUAUUUGUAGGUGUUCGGACCGAGCGGUACAGGUaUAUUUUUAUAUACCACACCUUAGGGACAAAAGCCCGaGAGGAUAGGUUUCACUCGuA,..(((..((((((..((...((((((((.--.)))))..).)).))....))))))(((.-------....)))...((((.(((.......)))-.)))).---..))).--...-
5U3G,>strand_B,gGUGACUAGGGUUCCGGCGAAAGCCGGUCCGAGAGUUACCGACCGCCGAAAGGCGGUUACACGGCGGGAAAAAAGCCCGGGAGGA,((((((..((...(((((....))))).))....))))))(((((((....))))))).(.[...(((.......))).)..]..
2XNW,>strand_A,GGACAUAUAAUCGCGUGGAUAUGGCACGCAAGUUUCUACCGGGCACCGUAAAUGUCCGAUUAUGUc,-.((((((..(.(((((.....[[))))).)[.....)]((((((]].....))))))..))))).
5NEO,>strand_A,gGUGGGGACGACCCCAcC,(((((((....)))))))
8ITS,>strand_A,GGGAGUUAGACUCGCGAAAGCGAGGAACUGCGAAAGCAGUACUUCC,(((((.....(((((....)))))..(((((....))))).)))))
5SWE,>strand_X,GGGAAGAUAUAAUCCUAAUGAUAUGGUUUGGGAGUUUCUACCAAGAGCCUUAAACUCUUGAUUAUCUUCCC,((((((((((..((((((......[[.))))))[.....)]((((((]].....)))))).[)))))))))
5SWE,>strand_a,a,]
6N5K,>strand_A,gGUUGCCGAAUCCAUGAUUUGGUACGGAGGAACCGCUUUUUGGGGUUAAUCUGCAGUGAAGCUGCAGUAGGGAUACCUUCUGUCCCGCACCCGACAGCUAACUCCGGAGGCAAUAAAGGAAGGAG,...((((....(((.....)))..(((((....(.....(.{((((....((((((.....))))))..(((((.[[[[[[)))))..)))).)}.)....)))))..)))).....]]]]]]..
6N5K,>strand_a,aa,..
3FO6,>strand_A,gGACAUAUAAUCGCGUGGAUAUGGCACGCAAGUUUCUACCGGGCACCGUAAAUGUCCGACUAUGUCC,((((((((..(.(((((.....[[))))).)[.....)]((((((]].....))))))..)))))))
3UD4,>strand_R,gGUCACGCACAGGGCAAACCAUUCGAAAGAGUGGGACGCAAAGCCUCCGGCCUAAACCAUUGCACUCCGGUAGGUAGCGGGGUUAUCGAUGG,...(.((......((...((((((....))))))..[))...(((.(((((((...((..........)).)))).]))))))..[))...)
3UD4,>strand_B,gA,.]
4JRC,>strand_A,gGAACCCUCUCUUCCGAAGCGAGCCGGGGGCGGUGGGAGCCCGGUGAAGACGGUUCC,((((((...(((((.....[..((((((..........]))))))))))).))))))
4JRC,>strand_B,gGAACCCUCUCUUCCGAAGCGAGCCGGGGGCGGUGGGAGCCCGGUGAAGACGGUUCC,((((((...(((((.....[..((((((..........]))))))))))).))))))
3OXD,>strand_A,gGCUCUGGAGAGAACCGUUUAAUCGGUCGCCGAACGAGCAAGCUCUGCGGAAACGCAGAGUGAAACUCUGAGGCAAAAGGACAGAGUc,(((((((....(.((((......)))))(((...((((...((((((((....))))))))....))).).))).......)))))))
3OXD,>strand_B,GGCUCUGGAGAGAACCGUUUAAUCGGUCGCCGAACGAGCAAGCUCUGCGGAAACGCAGAGUGAAACUCUGAGGCAAAAGGACAGAGUc,(((((((....(.((((....-.)))))(((...((((...((((((((....))))))))....))).).))).......)))))))
2LUN,>strand_A,gGGCAGUGAUGCUUCGGCAUAUCAGCCC,((((.(..((((....))))..).))))
5LYV,>strand_A,gGGAUCUGUCACCCCauugAUCGCCUUCGGGcugAUCUGGcuggCUAGGCGGGUCCc,((((((((((.(((((..(((((((....))).)))))))..))...))))))))))
5LYV,>strand_B,gGGAUCUGUCACCCCAUUGAUCGCCUUCGGGCUGAUCUGGCUGGCUAGGCGGGUCCc,((((((((((.(((((..(((((((....))).)))))))..))...))))))))))
5NWQ,>strand_A,cCGGACGAGGUGCGCCGUACCCGGUCAGGACAAGACGGcGC,[[[[.......(((((((.(]]]]....).....)))))))
5NWQ,>strand_B,cCGGACGAGGUGCGCCGUACCCGGUCAGGACAAGACGGcGC,[[[[.......(((((((.(]]]]....).....)))))))
3MUR,>strand_R,gGUCACGCACAGGGCAAACCAUUCGAAAGAGUGGGACGCAAAGCCUCCGGCCUAAACCAUUGCACUCCGGUAGGUAGCGGGGUUAUCGAUGG,...(.((......((...((((((....))))))..[))...(((.((((((((...(..........).))))).]))))))..[))...)
3MUR,>strand_a,g,]
1Y27,>strand_X,gGAUCAUAUAAUCGCGUGGAUAUGGCACGCAAGUUUCUACCGGGCACCGUAAAUGUCCGACUAUGGUc,.((((((((..(.(((((.....[[))))).)[.....)]((((((]].....))))))..)))))))
4RUM,>strand_A,gGGAACUGAGCAGGCAAUGACCAGAGCGGUCAUGCAGCCGGGCUGCGAAAGCGGCAACAGAUGAUUACACGCACAUCUGUGGGACAGUUCCCAc,((((((((..(.(((.((((((.....))))))...)))..(((((....))))).(((((((..-.......)))))))..).))))))))..
5KPY,>strand_A,GGACACUGAUGAUCGCGUGGAUAUGGCACGCAUUGAAUUGUUGGACACCGUAAAUGUCCUAACACGUGUCC,((((((......(.(((((.....[[))))))..(.......(((((]].....)))))...)..))))))
1Q8N,>strand_A,gGAUCCCGACUGGCGAGAGCCAGGUAACGAAUGGAUCC,((((((((.(((((....)))))....))...))))))
8DK7,>strand_C,gGCGAUACCAGCGAAACACGCCCUUGGCAGCGUC,((((...(..(((.....))).....)...))))
8DK7,>strand_F,gGCGAUACCAGCGAAACACGCCCUUGGCAGCGUC,...(...(..(((.....))).....)...)...
8EYV,>strand_A,gCGCCGGUUAGGCAGAGGUGGGUGGUGUGGAGGAGUAUCUGUCCGGCGC,(((((((----(((((.........(..........)))))))))))))
8EYV,>strand_B,gCGCCGGUUAGGCAGAGGUGGGUGGUGUGGAGGAGUAUCUGUCCGGCGC,((((((----((((((.........(..........)))))))))))))
6WTL,>strand_A,gGUUGCCGAAUCCAUAUGUGGUACGGAGGAACCGCUUUUUGGGGUUAAUCUGCAGUGAAGCUGCAGUAGGGAUACCUUCUGUCCCGCACCCGACAGCUAACUCCGGAGGCAAUAAAGGAAGGAG,...((((....(((....)))..(((((....(.....(.{((((....((((((.....))))))..(((((.[[[[[[)))))..)))).)}.)....)))))..)))).....]]]]]]..
6WTL,>strand_a,aa,..
3OXJ,>strand_A,gGCUCUGGAGAGAACCGUUUAAUCGGUCGCCGAAGGAGCAAGCUCUGCGGAAACGCAGAGUGAAACUCUCAGGCAAAAGGACAGAGUc,(((((((....(.((((......)))))(((...((((...((((((((....))))))))....))).).))).......)))))))
3OXJ,>strand_B,gGCUCUGGAGAGAACCGUUUAAUCGGUCGCCGAAGGAGCAAGCUCUGCGGAAACGCAGAGUGAAACUCUCAGGCAAAAGGACAGAGUc,(((((((....(.((((....-.)))))(((...((((...((((((((....))))))))....))).).))).......)))))))
5DDP,>strand_A,cGUUGACCCAGGAAACUGGGCGGAAGUAAGGUCCAUUGCACUCCGGGCCUGAAGCAACGCG,(((((.(((((....)))))..[.....((((((..........))))))....)))))].
5DDP,>strand_B,cGUUGACCCAGGAAACUGGGCGGAAGUAAGGUCCAUUGCACUCCGGGCCUGAAGCAACGCG,(((((.(((((....)))))..[.....((((((..........))))))....)))))].
4Q9Q,>strand_R,gGACGCGACCGAAAUGGUGAAGGACGGGUCCAGUGCGAAACACGCACUGUUGAGUAGAGUGUGAGCUCCGUAACUGGUCGCGUC,.((((((((((..((((.(.....(...(((((((((.....)))))))..)).........)..).))))..).)))))))))
2KXM,>strand_A,gGCUGCUUGUCCUUUAAUGGUCCAGUC,(((((...(.((......)).))))))
3GER,>strand_A,gGACAUAUAAUCGCGUGGAUAUGGCACGCAAGUUUCUACCGGGCACCGUAAAUGUCCGACUAUGUCC,((((((((..(.(((((.....[[))))).)[.....)]((((((]].....))))))..)))))))
3Q3Z,>strand_V,gCGCGGAAACAAUGAUGAAUGGGUUUAAAUUGGGCACUUGACUCAUUUUGAGUUAGUAGUGCAACCGACCGUGCU,((((((..((......(((((((((.....{[[[[[[[.)))))))))...))....]]]]]}.]]..)))))).
3Q3Z,>strand_A,gCGCGGAAACAAUGAUGAAUGGGUUUAAAUUGGGCACUUGACUCAUUUUGAGUUAGUAGUGCAACCGACCGUGCU,((((((..((......(((((((((.....{[[[[[[[.)))))))))...))....]]]]]}.]]..)))))).
3Q3Z,>strand_a,gggg,....
1Y26,>strand_X,cGCUUCAUAUAAUCCUAAUGAUAUGGUUUGGGAGUUUCUACCAAGAGCCUUAAACUCUUGAUUAUGAAGUG,((((((((((..((((((......[[.))))))[.....)]((((((]].....)))))).[)))))))))
1Y26,>strand_a,a,]
3DIG,>strand_X,gGCCGACGGAGGCGCGCCCGAGAUGAGUAGGCUGUCCCAUCAGGGGAGGAAUCGGGGACGGCUGAAAGGCGAGGGCGCCGAAGGGUGCAGAGUUCCUCCCGCUCUGCAUGCCUGGGGGUAUGGGGAAUACCCAUACCACUGUCACGGAGGUCUCUCCGUGGAGAGCCGUCGGUc,(((((((((..(.((((((..(.......(((((((((..(..[[[[[[....))))))))))......)..)))))))..((((((((((((.]]]]]]))))))))).)))((.((((((((.....)))))))).)).((((((((....))))))))....)))))))))
8SA3,>strand_A,GGUUAAAGCCUUAUGGUCGCUACCAUUGCACUCCGGUAGCGUUAAAAGGGAAGACGGGUGAGAAUCCCGCGCAGCCCCCGCUACUGUGAGGGAGGACGAAGCCCUAGUAAGCCACUGCCGAAAGGUGGGAAGGCAGGGUGGAGGAUGAGUCCCGAGCCAGGAGACCUGCCAUAAGGUUUUAGAAGUUCGCCUUCGGGGGGAAGGUGAACA,...(((((.(((((((((((((.....(....)...))))).....((....(.((((.......)))))[[((......)).(((...((((..........(......(((.(((((....)))))...))).).............))))..]]))).....)))))))))).)))))...((((((((.......{.)))))))).
8SA3,>strand_B,GGUUAAAGCCUUAUGGUCGCUACCAUUGCACUCCGGUAGCGUUAAAAGGGAAGACGGGUGAGAAUCCCGCGCAGCCCCCGCUACUGUGAGGGAGGACGAAGCCCUAGUAAGCCACUGCCGAAAGGUGGGAAGGCAGGGUGGAGGAUGAGUCCCGAGCCAGGAGACCUGCCAUAAGGUUUUAGAAGUUCGCCUUCGGGGGGAAGGUGAACA,...(((((.((((((((((.((..............)).)).....((....(.((((.......)))))[[((..}...)).(((...((((..........(......(((.(((((....)))))...))).).............))))..]]))).....)))))))))).)))))...(.(((((...........))))).).
2VAZ,>strand_A,GGGCGAAUUCGAGCUCGGUACCCAacgucgcguaaauuguuuaacacuuugcguaacguacacugggaucgcugaauuagagaucggcgucCUUUCAUUCUAUAUACuaaggagguUAAAAUGUcucuaa,------------------------...................................................................----------------.........--------......
6UP0,>strand_C,gCUACGAAGGAAGGAUUGGUAUGUGGUAUAUUCGUAGC,((((((((......................))))))))
6UP0,>strand_D,gCUACGAAGGAAGGAUUGGUAUGUGGUAUAUUCGUAGC,((((((((......................))))))))
7SHX,>strand_A,gGACCCAUAACCCACCUAGACCCUAGCUUCGGCUAGAGGGUCAACGCGAAAGCGAGGCCGGGUGGGCGGGUACGUCCGCCCUGGGGAGGGGUCC,((((((...((((.(...((((((((((..))))..))))))..(((....)))..)..))))(((((((....))))))).......))))))
2MXS,>strand_A,gGCUGCUUGUCCUUUAAUGGUCCAGUC,(((((...(.((......)).))))))
6N5S,>strand_A,gGUUGCCGAAUCCAAAGUUGGUACGGAGGAACCGCUUUUUGGGGUUAAUCUGCAGUGAAGCUGCAGUAGGGAUACCUUCUGUCCCGCACCCGACAGCUAACUCCGGAGGCAAUAAAGGAAGGA,...((((....(((....)))..(((((....(.....(.{((((....((((((.....))))))..(((((.[[[[[[)))))..)))).)}.)....)))))..)))).....]]]]]].
6N5S,>strand_a,Gaa,...
6POM,>strand_A,GUUGCAGUGAGAGAAAGAAGUACUUGCGUUACCUCAUGAAAGCGACCUUAGGGCGGUGUAAGCUAAGGAUGAGCACGCAACGAAAGGCAUUCUUGAGCAAUUUUAAAAAAGAGGCUGGGAUUUUGUUCUCAGCAACUAGGGUGGAACCGCGGGAGAACUCUCGUCCCUA,.((((.....(((((........(((((....(((((.....[..((((((..........])))))))))))-.))))).....[[[.)))))..)))).---.........(((((((------)))))))....[.[[((((...((((((----))))))]].].
6POM,>strand_B,GCGGAAGUAGUUCAGUGGUAGAACACCACCUUGCCAAGGUGGGGGUCGCGGGUUCGAAUCCCGUCUUCCGCUCCA,(((((((..((((....{..)))).(((((..]]]..))))).....(((((..}....))))))))))))))))
6K84,>strand_A,gGAGGAGGAGGAAGGAGGAGGAGGA,.........................
3SKI,>strand_A,gGCCUUAUACAGGGUAGCAUAAUGGGCUACUGACCCCGCCUUCAAACCUAUUUGGAGACUAUAAGGUc,((((((((((..((((((.....[[))))))[.....)](((((((]]..))))))).[)))))))))
3SKI,>strand_a,g,]
3SKI,>strand_B,GGCCUUAUACAGGGUAGCAUAAUGGGCUACUGACCCCGCCUUCAAACCUAUUUGGAGACUAUAAGGUc,((((((((((..((((((.....[[))))))[.....)](((((((]]..)))))))..)))))))))
1XWU,>strand_A,cGAAACAUAGAUUCGA,((((.(...).)))).
6C64,>strand_A,gCGUACGAAGGAGAGGAGAGGAAGAGGAGAGUACGC,((((((........................))))))
6C64,>strand_B,gCGUACGAAGGAGAGGAGAGGAAGAGGAGAGUACGC,((((((........................))))))
6C64,>strand_D,GUACGAAGGAGAGGAGAGGaAGAGGaGAGUAC,..((........................))..
4TZX,>strand_X,GGGAAGAUAUAAUCCUAAUGAUAUGGUUUGGGAGUUUCUACCAAGAGCCUUAAACUCUUGAUUAUCUUCCC,((((((((((..((((((......[[.))))))[.....)]((((((]].....)))))).[)))))))))
4TZX,>strand_a,a,]
5VOE,>strand_A,gAGAGccccAGcGAGAuAAuAcuuGGccccGcucuu,((((((....(((((......))).))...))))))
5SWD,>strand_A,gGGAAGAUaUAAUCCUAAUGAUAUGGUUUGGGAGUuUCUACCAAGAGCCUUAAACUCUUGAUUAUCUUCCC,......(((...((((((......[[.))))))((.{..))((((((]].....))))))}[)))------
5SWD,>strand_a,a,]
5SWD,>strand_B,gGGAAGAUAUAAUCCUAAUGAUAUGGUUUGGGAGUUUCUACCAAGAGCCUUAAACUCUUGAUUAUCUUCCC,...((((((...((((((......[[.))))))((.{..))((((((]].....))))))}.))))))---
3DJ0,>strand_A,gGCCGACGGAGGCGCGCCCGAGAUGAGUAGGCUGUCCCAUCAGGGGAGGAAUCGGGGACGGCUGAAAGGCGAGGGCGCCGAAGGGUGCAGAGUUCCUCCCGCUCUGCAUGCCUGGGGGUAUGGGGAAUACCCAUACCACUGUCACGGAGGUCUCUCCGUGGAGAGCCGUCGGUc,(((((((((..(.((((((..(.......(((((((((..(..[[[[[[....))))))))))......)..)))))))..((((((((((((.]]]]]]))))))))).)))((.((((((((.....)))))))).)).((((((((....))))))))....)))))))))
6SY4,>strand_C,GGCCGGAGAAUGUUAUGGCGCGaAaGCGCAGAGAAAACCGG,---(((...........((((..-.))))........))).
8SA5,>strand_A,GGUUAAAGCCUUAUGGUCGCUACCAUUGCACUCCGGUAGCGUUAAAAGGGAAGACGGGUGAGAAUCCCGCGCAGCCCCCGCUACUGUGAGGGAGGACGAAGCCCUAGUAAGCCACUGCCGAAAGGUGGGAAGGCAGGGUGGAGGAUGAGUCCCGAGCCAGGAGACCUGCCAUAAGGUUUUAGAAGUUCGCCUUCGGGGGGAAGGUGAACA,..(((((.((((((((((.((((............)))).).....((....(.((((.......))))){{(([[.[[[)).(((...((((...(.............(((.(((((....)))))...)))........)......))))..}}))).....))))))))))).)))))..((((((((([..[[.[))))))))).
8SA5,>strand_B,GGUUAAAGCCUUAUGGUCGCUACCAUUGCACUCCGGUAGCGUUAAAAGGGAAGACGGGUGAGAAUCCCGCGCAGCCCCCGCUACUGUGAGGGAGGACGAAGCCCUAGUAAGCCACUGCCGAAAGGUGGGAAGGCAGGGUGGAGGAUGAGUCCCGAGCCAGGAGACCUGCCAUAAGGUUUUAGAAGUUCGCCUUCGGGGGGAAGGUGAACA,..((((((((((((((....---------------------.....((....(.((((.......))))){{((].]].])).(((...(......------------------------------------------------------..)..}}))).....)).))))))))))))))..(((((((((]].]].]))))))))).
4YAZ,>strand_R,gGUACACGACAAUACUAAACCAUCCGCGAGGAUGGGGCGGAAAGCCUAAGGGUCUCCCUGAGACAGCCGGGCUGCCGAAAUAUC,((((..((......((...((((((....))))))..[))...((((..(((((((...))))).]))))))...))...))))
4YAZ,>strand_A,gGUACACGACAAUACUAAACCAUCCGCGAGGAUGGGGCGGAAAGCCUAAGGGUCUCCCUGAGACAGCCGGGCUGCCGAAAUAUC,((((..((......((...((((((....))))))..[))...((((..(((((((...))))).]))))))...))...))))
4YAZ,>strand_a,aa,..
6WZR,>strand_A,UAUCAgUUAUAUGACUGACGGAACGUGGAAUUAACCACAUGAAGUAUAACGAUGACAAuGCCGACCGUCUGGGCG,-----(((((((..(.[[[[[...((((......))))..)..)))))))..------.(((..]]]]]..))).
6WZR,>strand_B,UAUCAGUUAUAUGACUGACGGAACGUGGAAUUAACCACAUGAAGUAUAACGAUGACAAUgCCGACCGUCUGGGCG,------..((((..(.[[[[[...((((......))))..)..))))------------(((..]]]]]..))).
3DIX,>strand_A,gGCCGACGGAGGCGCGCCCGAGAUGAGUAGGCUGUCCCAUCAGGGGAGGAAUCGGGGACGGCUGAAAGGCGAGGGCGCCGAAGGGUGCAGAGUUCCUCCCGCUCUGCAUGCCUGGGGGUAUGGGGAAUACCCAUACCACUGUCACGGAGGUCUCUCCGUGGAGAGCCGUCGGUc,(((((((((..(.((((((..(.......(((((((((..(..[[[[[[....))))))))))......)..)))))))..((((((((((((.]]]]]]))))))))).)))((.((((((((.....)))))))).)).((((((((....))))))))....)))))))))
4ENB,>strand_A,gGGCGAUGAGGCCCGCCCAAACUGCCCUGAAAAGGGCUGAUGGCCUCUACUG,.[[[[..((((((]]]]......(((((....)))))....)))))).....
5D5L,>strand_A,gGAAGGCCGAAAGGUCUUCCACGACGAUACUUAUUUCCUUUGAUCGUCGUUAUUACUGGCUUCGGCCACAAAGGAGA,((((((((....))))))))((((((((.......[[[[[..))))))))......((((....))))..]]]]]..
5D5L,>strand_B,gGAAGGCCGAAAGGUCUUCCACGACGAUACUUAUUUCCUUUGAUCGUCGUUAUUACUGGCUUCGGCCACAAAGGAGA,((((((((....))))))))((((((((.......[[[[[..))))))))......((((....))))..]]]]]..
5D5L,>strand_C,gGAAGGCCGAAAGGUCUUCCACGACGAUACUUAUUUCCUUUGAUCGUCGUUAUUACUGGCUUCGGCCACAAAGGAGA,((((((((....))))))))((((((((.......[[[[[..))))))))......((((....))))..]]]]]..
5D5L,>strand_D,gGAAGGCCGAAAGGUCUUCCACGACGAUACUUAUUUCCUUUGAUCGUCGUUAUUACUGGCUUCGGCCACAAAGGAGA,((((((((....))))))))((((((((.......[[[[[..))))))))......((((....))))..]]]]]..
8F0N,>strand_B,gCGCCGguuaGGCAGUGGUGGGUGGUGUGGAGGAGUAGCUGUCCGGCGC,((((((....((((((.........(..........)))))))))))))
8F0N,>strand_A,gCGCCGGUUAgGCAGUGGUGGGUGGUGUGGAGGAGUAGCUGUCCGGCGC,(((((((....(((((.........(..........)))))))))))))
7KVU,>strand_G,gGGAAGAUACAAGGUGAGCCCAAUAAUAUGGUUUGGGUUAGGAUAGGAAGUAGAGCCUUAAACUCUCUAAGCGGUAUCUUCCC,((((((((((.......((((((......[[.))))))........(..(.((((]].....)))))....).))))))))))
3IRW,>strand_R,gGUCACGCACAGGGCAAACCAUUCGAAAGAGUGGGACGCAAAGCCUCCGGCCUAAACCGAUUGCACUCCGGUAGGUAGCGGGGUUACCGAUG,...((((......((...((((((....))))))..[))...(((.(((((((...((-..........)).)))).]))))))...)).))
3IRW,>strand_a,g,.
2G9C,>strand_A,gGACAUAUAAUCGCGUGGAUAUGGCACGCAAGUUUCUACCGGGCACCGUAAAUGUCCGAUUAUGUCC,((((((((..(.(((((.....[[))))).)[.....)]((((((]].....))))))..)))))))
3DIO,>strand_X,gGCCGACGGAGGCGCGCCCGAGAUGAGUAGGCUGUCCCAUCAGGGGAGGAAUCGGGGACGGCUGAAAGGCGAGGGCGCCGAAGGGUGCAGAGUUCCUCCCGCUCUGCAUGCCUGGGGGUAUGGGGAAUACCCAUACCACUGUCACGGAGGUCUCUCCGUGGAGAGCCGUCGGUc,(((((((((..(.((((((..(.......(((((((((..(..[[[[[[....))))))))))......)..)))))))..((((((((((((.]]]]]]))))))))).)))((.((((((((.....)))))))).)).((((((((....))))))))....)))))))))
8HZL,>strand_A,GGAAGAUUGUAAACAGCGAGAUUGUAAACAGCGAGAUUGUAAACAUGCCGAAAGGCAGACACUCGCGACACUCGCGACACUUUC,(((((..........(((((..........(((((..........((((....))))....)))))....)))))....)))))
8HZL,>strand_B,GGAAGAUUGUAAACAGCGAGAUUGUAAACAGCGAGAUUGUAAACAUGCCGAAAGGCAGACACUCGCGACACUCGCGACACUUUC,(((((..........(((((..........(((((..........((((....))))....)))))....)))))....)))))
3OXE,>strand_A,gGCUCUGGAGAGAACCGUUUAAUCGGUCGCCGAAGGAGCAAGCUCUGCGGAAACGCAGAGUGAAACUCUCAGGCAAAAGGACAGAGUc,(((((((....(.((((......)))))(((...((((...((((((((....))))))))....))).).))).......)))))))
3OXE,>strand_B,GGCUCUGGAGAGAACCGUUUAAUCGGUCGCCGAAGGAGCAAGCUCUGCGGAAACGCAGAGUGAAACUCUCAGGCAAAAGGACAGAGUc,(((((((....(.((((......)))))(((...((((...((((((((....))))))))....))).).))).......)))))))
2MIY,>strand_A,gCUUGGUGCUUAGCUUCUUUCACCAAGCAUAUUACACGCGGAUAACCGCCAAAGGAGAA,((((((((.....[[[[[[.)))))))).........((((....))))..]]]]]]..
7UQ6,>strand_B,gCGGAAGUAGUUCAGUGGUAGAACACCGGGUGGAACCCCAGGAAACUGGCCCGGGUCGCGCGGGUUCGAGUCCCGUCUUCCGCUCC,(((((((..((((....[..)))).(((((.......((((....))))))))).....(((((..]....))))))))))))...
7MSF,>strand_R,uCGCCAACAGGCGG,.((((....)))).
7MSF,>strand_S,UCgCCAACAGGCg,--(((....))).
6E84,>strand_A,GGCGCGAGGAAGGAGGUCUGAGGAGGUCACUGCGCC,((.((...(........).((.....))...)).))
6UC8,>strand_B,gGACAUAUAAUCGCGUGGAUAUGGCACGCAAGUUUCUACCGGGCACCGUAAAUGUCCGACUAUGUCC,((((((((..(.(((((.....[[))))).)[.....)]((((((]].....))))))..)))))))
3SKR,>strand_A,gGCUUAUACAGGGUAGCAUAAUGGGCUACUGACCCCGCCUUCAAACCUAUUUGGAGACUAUAAGUc,(((((((((..((((((.....[[))))))[.....)](((((((]]..))))))).[))))))))
3SKR,>strand_a,g,]
3SKR,>strand_B,gGCUUAUACAGGGUAGCAUAAUGGGCUACUGACCCCGCCUUCAAACCUAUUUGGAGACUAUAAGUc,(((((((((..((((((.....[[))))))[.....)](((((((]]..)))))))..))))))))
3D0X,>strand_A,gGACGGAGGCGCGCCCGAGAUGAGUAGGCUGUCCCAUCAGGGGAGGAAUCGGGGACGGCUGAAAGGCGAGGGCGCCGAAGCGAGCAGAGUUCCUCCCGCUCUGCUUGGCUGGGGGUGAGGGGAAUACCCUUACCACUGUCGCGAAAGCGGAGAGCCGUCCA,((((((..(.((((((..(.......(((((((((..(..[[[[[[....))))))))))......)..)))))))..((((((((((((.]]]]]]))))))))).)))((.(((.((((.....)))).))).)).((((....))))....)))))).
5FKE,>strand_A,gGCUUAUCAAGAGAGGGUGAGCGACUGGCGCGAAGAGCCCCGGCAACCAGAAAUGGUGCCAAUUCCUGCAGCGGAAACGUUGAAAGAUGAGCCG,((((((((....(.((((..(((.[.[[))).....)))))(((..(((....))).)))...(]].](((((....)))))..))))))))).
5FKE,>strand_a,a,.
6UFM,>strand_A,GGGCCUAUAGCUCAGGCGGUUAGAGCGCUUCGCUGAUAACGAAGAGGUCGGAGGUUCGAGUCCUCCUAGGCCCACCA,(((((((..((((.....{...)))).(((((..[[[..))))).....(((((..}....))))))))))))....
6UFM,>strand_B,GGCGACGAUCCGGCCAUCACCGGGGAGCCUUCGGAAGAACGGCGCCGCCGGAAACGGCGGCGCUCAGUAGAACCGAACGGGUGAGCCCGUCACAGCUC,(((......((((..]]].))))...)))(((((......((((((((((....))))))))))........)))))[[[..((((]]].....))))
6N5Q,>strand_A,gGUUGCCGAAUCCACCUAGAAAUGGUACGGAGGAACCGCUUUUUGGGGUUAAUCUGCAGUGAAGCUGCAGUAGGGAUACCUUCUGUCCCGCACCCGACAGCUAACUCCGGAGGCAAUAAAGGAAGGAG,...((((....(((........)))..(((((....(.....(.{((((....((((((.....))))))..(((((.[[[[[[)))))..)))).)}.)....)))))..)))).....]]]]]]..
6N5Q,>strand_a,aa,..
2KZL,>strand_A,gGGAGUAAAGAUUGAGACAAGUAGGACUUCGGUCCGAAUACACUCAUGAACUCCC,((((((......((((.......((((....)))).......))))...))))))
5ELH,>strand_R,uUAUU,.....
3V7E,>strand_C,gGCUUAUCaAGAGAGGUGGAGGGACUGGCCCGAUGAAACCCGGCAACCACUAGUCUAGCGUCAGCUUCGGCUGACGCUAGGCUAGUGGUGCCAAUUCCUGCAGCGGAAACGUUGAAAGAUGAGCCA,((((((((....(.(((...(((.[.[[)))......))))(((..(((((((((((((((((((....))))))))))))))))))).)))...(]].](((((....)))))..))))))))).
3V7E,>strand_D,gGCUUAUCaAGAGaGGUGGAGGGACUGGCCCGAUGAAACCCGGCAACCACUAGUCUAGCGUCAGCUUCGGCUGACGCUAGGCUAGUGGUGCCAAUUCCUGCAGCGGAAACGUUGAAAGAUGAGCCA,((((((((....(.(((...(((.[.[[)))......))))(((..(((((((((((((((((.(....).))))))))))))))))).)))...(]].](((((....)))))..))))))))).
3V7E,>strand_a,aa,..
3DIY,>strand_A,gGCCGACGGAGGCGCGCCCGAGAUGAGUAGGCUGUCCCAUCAGGGGAGGAAUCGGGGACGGCUGAAAGGCGAGGGCGCCGAAGGGUGCAGAGUUCCUCCCGCUCUGCAUGCCUGGGGGUAUGGGGAAUACCCAUACCACUGUCACGGAGGUCUCUCCGUGGAGAGCCGUCGGUc,(((((((((..(.((((((..(.......(((((((((..(..[[[[[[....))))))))))......)..)))))))..((((((((((((.]]]]]]))))))))).)))((.((((((((.....)))))))).)).((((((((....))))))))....)))))))))
6PMO,>strand_B,GCGGAAGUAGUUCAGUGGuAGAACACCACCUUGCCAAGGUGGGGGuCGCGGGUUCGAAUCCCGUCUUCCGCUCCA,(((((((..((((....[..)))).(((((-----..))))).....(((((..]....))))))))))))[[[[
6PMO,>strand_A,GAAAGUgGGUGCGCGUUUGGCGCAUCAaCUCGGGUGGAACCGCGGGAGCUACGCUCUCGUCCCGAG,--.....(.(((((...-.))))).)-.((((((]]]]...((((((((.--))))))))))))))
5NDH,>strand_A,gcGGGGACGACCCCGC,((((((.[[.))))))
5NDH,>strand_C,gcGGGGACGACCCCGC,((((((.]].))))))
5NDH,>strand_B,gcGGGGACGACCCCGC,((((((.{{.))))))
5NDH,>strand_D,gcGGGGACGACCCCGC,((((((.}}.))))))
1XWP,>strand_A,gGAGAUCGCACUCCA,((((......)))).
6E8T,>strand_D,gUACGAAGGAAGGUUUGGUAUGUGGUAUAUUCGUAC,(((((((...-..................)))))))
6E8T,>strand_C,gUACGAAGGAAGGUUUGGUAUGUGGUAUAUUCGUAC,(((((((......................)))))))
6E8T,>strand_B,gUACGAAGGAAGGUUUGGUAUGUGGUAUAUUCGUAC,(((((((......................)))))))
6E8T,>strand_A,gUACGAAGGAAGGUUUGGUAUGUGGUAUAUUCGUAC,(((((((......................)))))))
8EYW,>strand_B,gCGCCGguuAGGCAGAGGUGGGUgGUGUGGAGGAGUAUCUGUCCGGCGC,((((((....((((((.........(..........)))))))))))))
8EYW,>strand_A,gCGCCGGUUAGGCAGAGGUGGGUGGUGUGGAGGAGUAUCUGUCCGGCGC,(.(((((----(((((.........(..........))))))))))).)
6E1W,>strand_A,cUGGGUCGCAGUcCCCCAGUUAACAAAACAAG,(((((...[.[...))))).........]..]
3SKT,>strand_A,gGCUUAUACAGGGUAGCAUAAUGGGCUACUGACCCCGCCUUCAAACCUAUUUGGAGACUAUAAGUc,(((((((((..((((((.....[[))))))[.....)](((((((]]..))))))).[))))))))
3SKT,>strand_a,g,]
3SKT,>strand_B,gGCUUAUACAGGGUAGCAUAAUGGGCUACUGACCCCGCCUUCAAACCUAUUUGGAGACUAUAAGUc,(((((((((..((((((.....[[))))))[.....)](((((((]]..)))))))..))))))))
6OD9,>strand_A,UAUCAgUUAUAUGACUGACGGAACGUGGAAUUAACCACAUGAAGUAUAACGAUGACAAUGCCGACCGUCUGGGCG,-----(((((((..(.[[[[[...((((......))))..)..))))))).--------(((..]]]]]..))).
6OD9,>strand_B,UAUCAGUUAUAUGACUGACGGAACGUGGAAUUAACCACAUGAAGUAUAACGAUGACAAuGCCGACCGUCUGGGCG,-----..(((((..(.[[[[[...((((......))))..)..)))))..--------((((..]]]]]..))))
6WLK,>strand_A,gGCGAUAUGGCAUGGAAUCAGCUCAAGGAACUGUGAACGUAUAUCGGGCAACGACUAGGAAACUAGUCGUUGGGAAGAAACUGCCGAUAUACGGGAGUUCCUUGAGCGGGAGAUUCCAUGCCUAAGUCGC,.(((((.((((((((((((.((((((((((((.....((((((((((.((((((((((....))))))))))...........))))))))))..))))))))))))....)))))))))))..))))))
7ZJ5,>strand_E,GGAUACGUCUACGCUCAGUGACGGACUCUCUUCGGAGAGUCUGACAUCCGAACCAUACACGGAUGUGCCUCGCCGAACAGUCUACGGCGAGCUUAAGCGCUGGGGACGCCCAACGCAUCACAAAGACUGAGUGAUGAACCAGAAGUAUGGACUGGUUGCGUUGGUGGAGACGGUCGGGUCCAGUUCGCUGUCGAGUAGAGUGUGGGCUCCAUCGACGCCGCUUUAAGGUCCCCAAUCGUGGCGUGUCGGCCUGCUUCGGCAGGCACUGGCGCCGGGACCUUGAAGAGAUGAGAUUUCGAUCUCAUCUUUGGGUGUCUCUGGUGCUUGAGGGCCCUGUGUUCGCACAGGGCCGCUCACUGGGUGUGGACGUAUCC,((((((((((((((((((((((((((((((....)))))))))(((((((..[[[[[[.)))))))(((((((((..[[[[[[.)))))))((((((((((((((((((((((((((((((..]]]]]].))))))((((((..]]]]]].))))))((((((((((((.(...(...(((((....)))..)).........)).))))))))))))))((((((((((((.......(((((...(((((((....)))))).)..)))))))))))))))))(((((((........)))))))))))))))))))))))))))))(((((((((....))))))))))))))))))))))))))))))))
5FK6,>strand_A,GGCUUAUCAAGAGAGGGAGAGCGACUGGCGCGAAGACCCCCGGCAACCAGAAAUGGUGCCAAUUCCUGCAGCGGAAACGUUGAAAGAUGAGCCA,((((((((....(.(((...(((.[.[[)))......))))(((..(((....))).)))...(]].](((((....)))))..))))))))).
5FK6,>strand_a,a,.
5NZD,>strand_A,ccGGACGAGGUGCGCCGUACCCGGUCAGGACAAGACGGcGC,[[[[.......(((((((.(]]]]....).....)))))))
5NZD,>strand_B,ccGGACGAGGUGCGCCGUACCCGGUCAGGACAAGACGGcGC,[[[[.......(((((((.(]]]]....).....)))))))
3SLQ,>strand_A,gGCCUUAUACAGGGUAGCAUAAUGGGCUACUGACCCCGCCUUCAAACCUAUUUGGAGACUAUAAGGUc,((((((((((..((((((.....[[))))))[.....)](((((((]]..))))))).[)))))))))
3SLQ,>strand_a,g,]
3SLQ,>strand_B,gGCCUUAUACAGGGUAGCAUAAUGGGCUACUGaccCCGCCUUCAAACCUAUUUGGAGACUAUAAGGUc,((((((((((..((((((.....[[))))))[.....)](((((((]]..)))))))..)))))))))
3MXH,>strand_R,gGUCACGCACAGGGCAAACCAUUCGAAAGAGUGGGACGCAAAGCCUCCGGCCUAAACCAUUGCACUCCGGUAGGUAGCGGGGUUACCGAUGG,...(.((......((...((((((....))))))..[))...(((.((((((((..((..........))))))).]))))))..[))...)
3MXH,>strand_a,g,]
6HBT,>strand_A,gGUGGGGACGACCCCAcC,(((((((....)))))))
6CC1,>strand_A,GAAAGGGGAGUAGCGUCGGGAAACCGAAACAAAGUCGUCAUUACGUGAGGAAACUCACCGGCUUUGUUGACAUACGAAAGUAUGUUUAGCAAGACCUUUCc,-....(......((.((((....))))(((.(((.((------.(((((....))))))).))).))).((((((....))))))...))....)......
6CC1,>strand_B,GAAAGGGGAGUAGCGUCGGGAAACCGAAACAAAGUCGUCAUUACGUGAGGAAACUCACCGGCUUUGUUGACAUACGAAAGUAUGUUUAGCAAGACCUUUCc,-(((((......((.((((....))))(((((((.((.......(((((....))))))).)))))))(((((((....)))))))..))....)))))(.
6CC1,>strand_a,gg,.)
6N5N,>strand_A,gGUUGCCGAAUCCGAUGCUCGGUACGGAGGAACCGCUUUUUGGGGUUAAUCUGCAGUGAAGCUGCAGUAGGGAUACCUUCUGUCCCGCACCCGACAGCUAACUCCGGAGGCAAUAAAGGAAGGAG,...((((....(((.....)))..(((((....(.....(.{((((....((((((.....))))))..(((((.[[[[[[)))))..)))).)}.)....)))))..)))).....]]]]]]..
6N5N,>strand_a,aa,..
7L0Z,>strand_G,GGGAGUACGGUGAGGGUCGGGUCCAGUAGGUACGCCUACUGUUGAGUAGAGUGUGGGCUCCGUACUCCC,((((((((((.(.....(...(((((((((....)))))))..)).........)..).))))))))))
8D5L,>strand_A,gGCGAUACCAGCCGAAAGGCCCUUGGCAGCGCC,((((...((.(((....)))....))...))))
8D5L,>strand_B,gGCGAUACCAGCCGAAAGGCCCUUGGCAGCGCC,((((...((.(((....)))....))...))))
8D5L,>strand_C,gGCGAUACCAGCCGAAAGGCCCUUGGCAGCGCC,((((...((.(((....)))....))...))))
8D5L,>strand_D,gGCGAUACCAGCCGAAAGGCCCUUGGCAGCGCC,((((...((.(((....)))....))...))))
4KZD,>strand_R,gGACGCGACCGAAAUGGUGAAGGACGGGUCCAGUGCGAAACACGCACUGUUGAGUAGAGUGUGAGCUCCGUAACUGGUCGCGUC,.((((((((((..((((.(.....(...(((((((((.....)))))))..)).........)..).))))..).)))))))))
3EGZ,>strand_B,gAGGGAGAGGUGAAGAAUACGACCACCUAGGUACCAUUGCACuCCGGUACCUAAAACAUACCCUC,(((((...((((...........))))((((((((..........)))))))).......)))))
8YAN,>strand_A,cUGGGUCGCAGUccCCCAGUUAACAAAACAAG,(((((...[.[...))))).........]..]
8TVZ,>strand_C,GGAAUCUCGCCCGAUGUUCGCAUCGGGAUUUGCAGGUCCAUGGAUUACACCAUGCAACGCAGACCUGUAGAUGCCACGCUAGCCGUGGUGAGGGUCGGGUCCAGAUGUCAUUCGACUUUAACGCGCCUAAGCGUUGAAGGCGUGUUAGAGCAGAUAGUUCGCUAUCUGGGGAGCCUGUUCGCAGGCUCAGGAGCCUUCGGGCUCCUAGCGCUAUUACCCCGGACACCACCGGGCAGACAAGUAAUGGUGCUCCUCGAAUGACUUCUGUUGAGUAGAGUGUGGGCUCCGCGGCUAGUGUGCACCUUAGCGGUGAAUGUCUGACACCGUUAAGGUGGUUACUCUUCGGAGUAACGCCGAGAUUCC,((((((((((((((((....)))))))((((.(((((((((((......)))))[[[[[[.)))))).))))((((((((((((((((.(.....(...((((((.((((((((((((((((.(((((..]]]]]].))))).)))))))(((((((....)))))))(((((((((....)))))))(((((((....)))))))((((((((((((((((......)))))[[[[[[.)))))))))))))))))))))).))))..)).........)..).))))))))))))))(((((((((((((..]]]]]].)))))))))))))(((((((....))))))))))))))))))
7EOP,>strand_A,GCGCACUGGCGCUGCGCCUUCGGGCGCCAAUCGUAGCGUGUCGGCGCC,((((.(..((((((((((....))))).......)))))...)))))(
7EOP,>strand_a,g,)
7OAW,>strand_A,GGCUAGCUGGAGGGGCGCCAGUUCGCUGGUGGUUGGGUGCGGUCGGCUAGCC,-(((((((.(....(((((((....)))))........))...))))))))(
7OAW,>strand_C,GGCUAGCUGGAGGGGCGCCAGUUCGCUGGUGGUUgGGUGCGGUCGGCUAGCC,-(((((((.(....(((((((....)))))........))...))))))))[
7OAW,>strand_D,GGCUAGCUGGAGGGGCGCCAGUUCGCUGGUGGUUGGGUGCGGUCGGCUAGCC,-(((((((.(....(((((((....)))))........))...)))))))){
7OAW,>strand_a,ggg,)]}
7OAW,>strand_B,GGCUAGCUGGAGGGGCGCCAGUUCGCUGGUGGUUgGGUGCGGUCGGCUAGCC,-(((((((.(....(((((((....)))))........))...)))))))).
7E9E,>strand_A,cUGGGUCGCAGUccCCCCAGUUAACAAAACAAG,(((((...[.[....))))).........]..]
5C7U,>strand_B,GGACAUAUAAUCGCGUGGAUAUGGCACGCAAGUUUCUACCGGGCACCGUAAAUGUCCGACUAUGUCC,((((((((..(.(((((.....[[))))).)[.....)]((((((]].....))))))..)))))))
5LYU,>strand_A,gGGGAUCUGUcacCCCAUUGAUCGCCUUCGGGCUGAUCUGGcuggCUAGGCGGGUCCc,.((((((((((.(((((..(((((((....))).)))))))..))...))))))))))
5LYU,>strand_B,gGGGAUCUGUCACCCCAuugAUCGCCUUCGGGCUGAUCUGGCUGGCUAGGCGGGUCCc,.((((((((((.(((((..(((((((....))).)))))))..))...))))))))))
3OXM,>strand_A,gGCUCUGGAGAGAACCGUUUAAUCGGUCGCCGAAGGAGCAAGCUCUGCGGAAACGCAGAGUGAAACUCUCAGGCAAAAGGACAGAGUc,(((((((....(.((((......)))))(((...((((...((((((((....))))))))....))).).))).......)))))))
3OXM,>strand_B,GGCUCUGGAGAGAACCGUUUAAUCGGUCGCCGAAGGAGCAAGCUCUGCGGAAACGCAGAGUGAAACUCUCAGGCAAAAGGACAGAGUc,(((((((....(.((((......)))))(((...((((...((((((((....))))))))....))).).))).......)))))))
7U0Y,>strand_R,gGUACCUACCAAUCGUAGCGUGUCGACCAGCUGCGAAACACGCAGCUGGCACUGGCGCUGUAGGUAC,.((((((((.......(((((...(.(((((((((.....)))))))))..)..)))))))))))))
2EEU,>strand_A,gGACAUAAAAUCGCGUGGAUAUGGCACGCAAGUUUCUUCCGGGCACCGUAAAUGUCCGACUAUGUCC,((((((((..(.(((((.....[[))))).)[.....)]((((((]].....))))))..)))))))
8YAM,>strand_A,cUGGGUCGCAGUccCCCAGUUAACAAAACAAG,(((((...[.[...))))).........]..]
4ENA,>strand_A,gGGCGAUGAGGCCCGCCCAAACUGCCCUGAAAAGGGCUGAUGGCCUCUACUG,.[[[[..((((((]]]]......(((((....)))))....)))))).....
5MSF,>strand_R,cCGGAGGAUCACCACGGG,(((..((....)).))).
5MSF,>strand_S,CcGGAGGAUCACCACGg,-((..((....)).)).
8XZW,>strand_A,gGGUGUGUACCGUUCAACUCGUCCCAGCUUCGACUGGGACUACGGGAGCGCCU,((((((...((((.......((((((((...).))))))).))))..))))))
4Y1M,>strand_B,GAUUUGGGGAGUAGCCGAUUUCCGAAAGGAAAUGUACGUGUCAACAUUUUCGUUGAAAAACGUGGCACGUACGGACUGAAGAAAUUCAGUCAGGCGAGACCAUAUCC,(((.(((......(((.((((((....))))))((((((((((.......((((....)))))))))))))).(((((((....))))))).)))....))).)))(
4Y1M,>strand_A,GAUUUGGGGAGUAGCCGAUUUCCGAAAGGAAAUGUACGUGUCAACAUUUUCGUUGAAAAACGUGGCACGUACGGACUGAAGAAAUUCAGUCAGGCGAGACCAUAUCC,((..(((......(((....------------..(.(((((((.......(((......)))))))))).).-------------------.)))....)))..))[
4Y1M,>strand_a,gg,)]
2EEW,>strand_A,gGACAUAUAAUCGCGUGGAUAUGGCACGCAAGCUUCUACCGGGCACCGUAAAUGUCCGACUAUGUCC,((((((((..(.(((((.....[[))))).)[.....)]((((((]].....))))))..)))))))
2AU4,>strand_A,gGGACGAAGUGGUUGGGCGCUUCGGCGUGUGAAAACGUCCC,((((((.......(..((((....))))....)..))))))
2AU4,>strand_a,g,.
8U5Z,>strand_A,gCGUACGAAGGUGAGGAGAGGCGAGGAAGAGUACGC,((((((........................))))))
8U5Z,>strand_B,gCGUACGAAGGUGAGGAGAGGCGAGGAAGAGUACGC,((((((........................))))))
8U5Z,>strand_C,gCGUACGAAGGUGAGGAGAGGCGAGGAAGAGUACGC,((((((........................))))))
1NTA,>strand_A,gGAUCGCAUUUGGACUUCUGCC,.((((.(.....(((..(((((
1NTA,>strand_B,cGGCACCACGGUCGGAUC,.))))....)))))))))
4FEP,>strand_B,gGACAUAUAUACGCGUGGAUAUGGCACGCGAGUUUCUACCGGGCACCGUAAAUGUCCGAUUAUGUCC,((((((((...((((((.....[[)))))).[.....)]((((((]].....))))))..)))))))
7EON,>strand_A,GCGCACUGGCGCUGCGCCUUCGGGCGCCAAUCGUAGCGUGUCGGCGCC,((((.(..((((((((((....))))).......)))))...)))))(
7EON,>strand_a,g,)
6DLS,>strand_A,gGAAAGUGUGUCUAGGGUUCCGCGUGCUUCGGCACGGACUGGUCCAAGUGACACAGACGCAUUCGUGCGUUACACCGGAGGGAUAGAAGCCCAGGCGGGUAGGUUUc,.((((.((((((..((...((((((((....)))))..).)).))....))))))((((((....)))))).[.(((..(((.......))).].))).....))))
3OWI,>strand_A,gGCUCUGGAGAGAACCGUUUAAUCGGUCGCCGAAGGAGCAAGCUCUGCGGAAACGCAGAGUGAAACUCUCAGGCAAAAGGACAGAGUc,(((((((....(.((((......)))))(((...((((...((((((((....))))))))....))).).))).......)))))))
3OWI,>strand_B,GGCUCUGGAGAGAACCGUUUAAUCGGUCGCCGAAGGAGCAAGCUCUGCGGAAACGCAGAGUGAAACUCUCAGGCAAAAGGACAGAGUc,(((((((....(.((((......)))))(((...((((...((((((((....))))))))....))).).))).......)))))))
4MEG,>strand_A,aGCGCCuGGACUUAAAGcCAUUGCACU,..((((.((((((((((.---------
4MEG,>strand_B,GGCGGCUUUAAGUUGACGAGGGCAGGGUUAAACGAGACAUCGGCGAGUGCCCUGCGGUCUUCCUGCGACCGUUAGAGGACUGGUAAAACCACAGGCGACUGUGGCAUAGAGCAGUCCGGGCAGGAA,-----)))))))))..((....[[[[[[....))......)))))...]]]]]][[[[[.((((((]]]]].....((((((......((((((....)))))).......))))))..)))))).
8HZD,>strand_A,GGAAGAUUGUAAACAUGCCGAAAGGCAGACACUUCC,(((((..........((((....))))....)))))
8HZD,>strand_B,gGAAGAUUGUAAACAUGCCGAAAGGCAGACACUUCC,(((((..........((((....))))....)))))
3GAO,>strand_A,gGACAUAUAAUCGCGUGGAUAUGGCACGCAAGUUUCUACCGGGCACCGUAAAUGUCCGACUAUGUCC,((((((((..(.(((((.....[[))))).)[.....)]((((((]].....))))))..)))))))
7SZU,>strand_R,gGUACCUACCAAUCGUAGCGUGUCGACCAGCUGCGAAACACGCAGCUGGCACUGGCGCUGUAGGUAC,.((((((((........((((...(.(((((((((.....)))))))))..)..)))).))))))))
8HZJ,>strand_A,GAAGAUUGUAAACAUGCCGAAAGGCAGACACUUCC,((((..........((((....))))....))))(
8HZJ,>strand_a,g,)
8HZJ,>strand_B,GAAGAUUGUAAACAUGCCGAAAGGCAGACACUUCC,((((..........((((....))))....)))).
4QLN,>strand_A,GGAUCGCUGAACCCGAAagggGCGGGGGACCCAGAAAUGGGGCGAAUCUCUUCCGAAAGGAAGAGUAGGGUUACUCCUUCGACCCGAGCCCGUCAGCUAACCUCGCAAGCGUCCGAAGGAGAAUC,-...((((...(((..-.)))((((((....(..----(((((....(((((((....)))))))..(((((.[[[[[[[)))))..))))..).)....)))))).))))...]]]]]]]..--
4QLN,>strand_a,aa,..
5NEX,>strand_A,gGUGGGGACGACCCCAcC,(((((((....)))))))
4M4O,>strand_B,gGGUUCAUCAGGGCUAAAGAGUGCAGAGUUACUUAGUUCACUGCAGACUUGACGAACCC,((((((.(((((.((.......((((.(.(.[..)]..).)))))).))))).))))))
6WLJ,>strand_A,gGCGAUAUGGCAUGGAAUCAGCUCAAGGAACUGUGAACGUAUAUCGGGCAACGACUAGGAAACUAGUCGUUGGGAAGAAACUGCCGAUAUACGGGAGUUCCUUGAGCGGGAGAUUCCAUGCCUAAGUCGC,.(((((.((((((((((((.((((((((((((.....((((((((((.((((((((((....))))))))))..(......).))))))))))..))))))))))))....)))))))))))..))))))
3AHU,>strand_X,aGAGAG,......
7EOK,>strand_A,GCGCACUGGCGCUGCGCCUUCGGGCGCCAAUCGUAGCGUGUCGGCGCC,((((.(..((((((((((....))))).......)))))...)))))(
7EOK,>strand_a,g,)
5BJP,>strand_E,gGCGCGAGGAAGGAGGUCUGAGGAGGUCACUGCGCC,(((((...(........).(.......)...)))))
5BJP,>strand_Y,gGCGCGAGGAAGGAGGUCUGAGGAGGUCACUGCGCC,(((((...(........).((.....))...)))))
