PDB,Type,Sequence,2D
8GXC,dsRNA,GGAGCGUUACGUCCGAAAGUCGCAUUGCACUCCGCGACACGGCUCUUUAAAAACAAAAGGAGGAGCGUUACGUCCGAAAGUCGCAUUGCACUCCGCGACACGGCUCUUUAAAAACAAAAGGA,((((((...[[[[[....(((((..........))))).).)))))............]]]((((((...]][[[....(((((..........))))).).)))))............]]]
9BUN,ssRNA,GGACUCGGAAACGUGAAGGAGAGGCGCAAGGUUAACCGCCUCAGUCCA,(((((((....))([...[)((((((]........]))))))))))).
3DIL,ssRNA,GGCCGACGGAGGCGCGCCCGAGAUGAGUAGGCUGUCCCAUCAGGGGAGGAAUCGGGGACGGCUGAAAGGCGAGGGCGCCGAAGGGUGCAGAGUUCCUCCCGCUCUGCAUGCCUGGGGGUAUGGGGAAUACCCAUACCACUGUCACGGAGGUCUCUCCGUGGAGAGCCGUCGGUC,(((((((((..(.((((((..(.......(((((((((..(..[[[[[[....))))))))))......)..)))))))..((((((((((((.]]]]]]))))))))).)))((.((((((((.....)))))))).)).((((((((....))))))))....)))))))))
8FZA,ssRNA,UUGGGUUCCCUCACCCCAAUCAUAAAAAGG,.((((...[[[...)))).........]]]
4Y1I,dsRNA,AAAGGGGAGUAGCGUCGGGAAACCGAAACAAAGUCGUCAAUUCGUGAGGAAACUCACCGGCUUUGUUGACAUACGAAAGUAUGUUUAGCAAGACCUUUCCAAAGGGGAGUAGCGUCGGGAAACCGAAACAAAGUCGUCAAUUCGUGAGGAAACUCACCGGCUUUGUUGACAUACGAAAGUAUGUUUAGCAAGACCUUUCCGGGCGUACGAAGGAGAGGAGAGGAAGAGGAGAGUACGC,(((((......((.((((....))))((((((((((.......(((((....)))))))))))))))(((((((....)))))))..))....)))))(.(((((......((.((((....))))((((((((((.......(((((....)))))))))))))))(((((((....)))))))..))....)))))[.)]((((((........................))))))
6C63,ssRNA,GCGUACGAAGGAGAGGAGAGGAAGAGGAGAGUACGC,((((((........................))))))
6C63,ssRNA,GUACGAAGGAGAGGAGAGGAAGAGGAGAGUAC,..((........................))..
6UFH,dsRNA,GGGCCUAUAGCUCAGGCGGUUAGAGCGCUUCGCUGAUAACGAAGAGGUCGGAGGUUCAAGUCCUCCUAGGCCCGCCAGGCAUCGAUCCGGCGAUCACCGGGGAGCCUUCGGAAGAACGGCCGGAAACGGCCCAGUAGAACCGAACGGGUUGGCCCGUCACAGCCUCAAGUCGAGCGGCCGCGCGAAAGCGUGGCAAGCGGGGUGGCACCGCGGCGUUCGCGCGAAAGCGUGGCGUCGUCCCCGC,(((((((..((((.....[...)))).(((((..{{{..))))).....(((((..]....))))))))))))[[[[.((......((((..}}}.))))...)).(((((......(((((....)))))........))))).[[...(((]]......)))............(((((((....)))))))..((((((]]]]...(((((((.(((((....))))))))))))))))))
484D,ssRNA,GGUGUCUUGGAGUGCUGAUCGGACACC,(((((((..((.......)))))))))
2RN1,dsRNA,GAGCCCUGGGAGGCUCGCUGGUCCCAGACAGC,((((([[[[[[)))))((((.]]]]]].))))
8D29,ssRNA,GGCGAUACCAGCGAAACACGCCCUUGGCAGCGUC,((((.(.((((((.....)))...))).).))))
8D29,ssRNA,GGCGAUACCAGCGAAACACGCCCUUGGCAGCGUC,((((...((((((.....)))...)))...))))
7EOJ,ssRNA,GGCGCACUGGCGCUGCGCCUUCGGGCGCCAAUCGUAGCGUGUCGGCGCC,(((((.(..((((((((((....))))).......)))))...))))))
5DO4,ssRNA,GGGAACAAAGCUGAAGUACUUACCC,(((....((((....)..))).)))
5BTP,ssRNA,UAUCAGUUAUAUGACUGACGGAACGUGGAAUUAACCACAUGAAGUAUAACGAUGACAAUGCCGACCGUCUGGGCG,......(.((((..(.[[[[[...((((......))))..)..)))).)..........(((..]]]]]..))).
5BTP,ssRNA,UAUCAGUUAUAUGACUGACGGAACGUGGAAUUAACCACAUGAAGUAUAACGAUGACAAUGCCGACCGUCUGGGCG,.....(((((((..(.[[[[[...((((......))))..)..))))))).........(((..]]]]]..))).
4R8I,ssRNA,GCACGUCCCUCACCGGUGCAAGUGAAGCCGUGGCUCUGCG,((([...((....(((.....].....))).))...))).
3DS7,dsRNA,GGACAUACAAUCGCGUGGAUAUGGCACGCAAGAUCCCGCCGGGCACCGUAAAUGUCCGACUAUGUCCGGACAUACAAUCGCGUGGAUAUGGCACGCAAGAUCCCGCCGGGCACCGUAAAUGUCCGACUAUGUCCGGGGAGCGUUACGUCCGAAAGUCGCAUUGCACUCCGCGACACGGCUCUUUAAAAACAAAAGGAGGAGCGUUACGUCCGAAAGUCGCAUUGCACUCCGCGACACGGCUCUUUAAAAACAAAAGGAGGCUUAUCAAGAGAGGGGGAGUGACUGGCGCGAAGAACCCCGGCAACCAGAAAUGGUGCCAAUUCCUGCAGCGGAAACGUUGAAAGAUGAGCCGA,((((((((..(.(((((.....[[))))).)[.....)]((((((]].....)))))).[)))))))((((((((..(.(((((.....[[))))).)[.....)]((((((]].....)))))).{)))))))]}((((((...[[[[[....(((((..........))))).).)))))............]]]((((((...]][[[....(((((..........))))).).)))))............]]]((((((((....(.(((...(((.[.[[)))......))))(((..(((....))).)))...(]].](((((....)))))..)))))))))..
2B63,ssRNA,CAGCACUGAUUGCGGUCGAGGUAGCUUGAUG,..(((.....))).((((((....)))))).
4FEO,ssRNA,GGACAUAUAAACGCGUGGAUAUGGCACGCGAGUUUCUACCGGGCACCGUAAAUGUCCGAUUAUGUCC,((((((((...((((((.....[[)))))).[.....)]((((((]].....))))))..)))))))
5NOM,ssRNA,GGUGGGGACGACCCCACC,(((((((....)))))))
3GES,ssRNA,GGACAUAUAAUCGCGUGGAUAUGGCACGCAAGUUUCUACCGGGCACCGUAAAUGUCCGAUUAUGUCC,((((((((..(.(((((.....[[))))).)[.....)]((((((]].....))))))..)))))))
3Q51,ssRNA,CUGGGUCGCAGUAACCCCAGUUAACAAAACAAG,(((((...[.[....))))).........]..]
3UD3,dsRNA,GGUCACGCACAGGGCAAACCAUUCGAAAGAGUGGGACGCAAAGCCUCCGGCCUAAACCAUUGCACUCCGGUAGGUAGCGGGGUUAUCGAUGGGA,...(.((......((...((((((....))))))..[))...(((.((((((((..((..........))))))).]))))))..[))...).]
5DDR,ssRNA,CGUUGACCCAGGAAACUGGGCGGAAGUAAGGUCCAUUGCACUCCGGGCCUGAAGCAACGCG,(((((.(((((....)))))..[.....((((((..........))))))....)))))].
6E1T,ssRNA,CUGGGUCGCAGUCCCCCCAGUUAACAAAACAAG,(((((...[.[....))))).........]..]
4FEL,ssRNA,GGACAUAUAAACGCGUGGAUAUGGCACGCGAGUUUCUACCGGGCACCGUAAAUGUCCGACUAUGUCC,((((((((...((((((.....[[)))))).[.....)]((((((]].....))))))..)))))))
3DIZ,ssRNA,GGCCGACGGAGGCGCGCCCGAGAUGAGUAGGCUGUCCCAUCAGGGGAGGAAUCGGGGACGGCUGAAAGGCGAGGGCGCCGAAGGGUGCAGAGUUCCUCCCGCUCUGCAUGCCUGGGGGUAUGGGGAAUACCCAUACCACUGUCACGGAGGUCUCUCCGUGGAGAGCCGUCGGUC,(((((((((..(.((((((..(.......(((((((((..(..[[[[[[....))))))))))......)..)))))))..((((((((((((.]]]]]]))))))))).)))((.((((((((.....)))))))).)).((((((((....))))))))....)))))))))
4XW7,ssRNA,GGGUCGUGACUGGCGAACAGGUGGGAAACCACCGGGGAGCGACCCUUGCCGCCCGCCUGGGCAA,(((((((..((........(((((....))))).))..)))))))(((((.........)))))
5VJ9,dsRNA,GCGGGGACGACCCUGCGCGGGGACGACCCUGC,((((((.[[.))))))((((((.]].))))))
1EXD,ssRNA,GGGGUAUCGCCAAGCGGUAAGGCACCGGAUUCUGAUUCCGGAGGUCGAGGUUCGAAUCCUCGUACCCCAGCCA,((((((..(((.....[...))).(((((.......)))))....(((((..]....))))))))))).....
6E8S,ssRNA,GCUACGAAGGAAGGAUUGGUAUGUGGUAUAUUCGUAGC,((((((((......................))))))))
8HZF,dsRNA,GAAGAUUGUAAACAUGCCGAAAGGCAGACACUUCCG,((((..........((((....))))....))))()
8HZF,ssRNA,GAAGAUUGUAAACAUGCCGAAAGGCAGACACUUCC,((((..........((((....))))....)))).
3IVN,ssRNA,GGCCAGUAUAACCUCAAUGAUAUGGUUUGAGGGUGUCUACCAGGAACCGUAAAAUCCUGACUACUGGUC,(((((((((..((((((......[[.))))))[.{...)](((((.]]......))))).}))))))))
5FKF,ssRNA,GGCUUAUCAAGAGAGGGCGAGCGACUGGCGCGAAGAUCCCCGGCAACCAGAAAUGGUGCCAAUUCCUGCAGCGGAAACGUUGAAAGAUGAGCCG,((((((((......(((...(((.[.[[)))......))).(((..(((....))).)))...(]].](((((....)))))..))))))))).
5NEQ,ssRNA,GGUGGGGACGACCCCACC,(((((((....)))))))
6V9B,dsRNA,AUCGAGGGAGUGGUGAGGAUGAGGCGAUAUCGAGGGAGUGGUGAGGAUGAGGCGA,.((((........................))))......................
3B4A,dsRNA,AAGCGCCUGGACUUAAAGCCAUUGCACUCCGGCUUUAAGUUGACGAGAGCAGGGUUUAUCGAGACAUCGGCGGGUGCCCUGCGGUCUUCCUGCGACCGUUAGAGGACUGGUAAAACCACAGGCGACUGUGGCAUAGAGCAGUCCGGGCAGGAA,...((((.(((((((((((............))))))))))..(((...[[[[[[...)))......)))))...]]]]]][[[[[.((((((]]]]].....((((((......((((((....)))))).......))))))..)))))).
5FK3,ssRNA,GGCUUAUCAAGAGAGGGCGAGCGACUGGCGCGAAGACCCCCGGCAACCAGAAAUGGUGCCAAUUCCUGCAGCGGAAACGUUGAAAGAUGAGCCG,((((((((....(.(((...(((.[.[[)))......))))(((..(((....))).)))...(]].](((((....)))))..))))))))).
3B4C,dsRNA,GCGCCUGGACUUAAAGCCAUUGCACUCCGGCUUUAAGUUGACGAGGGCAGGGUUUAUCGAGACAUCGGCGGGUGCCCUGCGGUCUUCCUGCGACCGUUAGAGGACUGGUAAAACCACAGGCGACUGUGGCAUAGAGCAGUCCGGGCAGGAA,.((((.((((((((((((..........)))))))))))..(((...[[[[[[...)))......)))))...]]]]]][[[[...(((((.]]]].....((((((......((((((....)))))).......))))))..)))))..
6QN3,dsRNA,CGUUCACCCUUCGGGGCGCAUGAAAUGGGAGUAGGGAACGGGAUUCUCAUCGUUCACCCUUCGGGGCGCAUGAAAUGGGAGUAGGGAACGGGAUUCUCAU,[[[[[.(((....)))..{.....((((((((...[[[[[{.))))))))]]]]].(((....)))..}.....((((((((...]]]]]}.))))))))
8XZQ,ssRNA,GGGUGUGUACCGUUCAACUCGUCCCAGCUUCGACUGGGACUACGGGAGCGCCU,((((((...((((.......((((((((...).))))))).))))..))))))
7OAX,dsRNA,GGCUAGCUGGAGGGGCGCCAGUUCGCUGGUGGUUGGGUGCGGUCGGCUAGCCG,.(((((((.(....(((((((....)))))........))...))))))))()
7OAX,ssRNA,GGCUAGCUGGAGGGGCGCCAGUUCGCUGGUGGUUGGGUGCGGUCGGCUAGCC,.(((((((.(....(((((((....)))))........))...)))))))).
8HZM,dsRNA,GAAGAUUGUAAACAUGCCGAAAGGCAGACACUUCCG,((((..........((((....))))....))))()
8HZM,ssRNA,GAAGAUUGUAAACAUGCCGAAAGGCAGACACUUCC,((((..........((((....))))....)))).
4QK9,ssRNA,GCGCUGAAUUCCCUGAAGGGAAACGGGGGACCCAAUCUUCAGGGGUGAAUCCCACGUAAGUGGGUAGGGCUAGUCUCUUUCGGCCCGAACCCGUCAGCUAACCUCGUAAGCGUGGAAAGAGGG,.((((...(((((....)))))((((((....(........(((((....(((((....)))))..(((((...[[[[[[[)))))..))))..).)....)))))).))))..]]]]]]]..
6E82,ssRNA,GGCGCGAGGAAGGUGGUCUGAGGAGGUCACUGCGCC,(((((...(........).............)))))
5DDQ,ssRNA,CGUUGACCCAGGAAACUGGGCGGAAGUAAGGUCCAUUGCACUCCGGGCCUGAAGCAACGCG,(((((.(((((....)))))..[.....((((((..........))))))....)))))].
3FO4,ssRNA,GGACAUAUAAUCGCGUGGAUAUGGCACGCAAGUUUCUACCGGGCACCGUAAAUGUCCGAUUAUGU,..((((((..(.(((((.....[[))))).)[.....)]((((((]].....))))))..)))))
7KVT,ssRNA,GGGAAGAUACAAGGUGAGCCCAAUAAUAUGGUUUGGGUUAGGAUAGGAAGUAGAGCCUUAAACUCUCUAAGCGGUAUCUUCCC,((((((((((.......((((((.......[.))))))........(..(.((((]......)))))....).))))))))))
4TS0,dsRNA,GACGCGACCGAAUGAAAUGGUGAAGGACGGGUCCAGCCGGCUGCGCAGCCGGCUUGUUGAGUAGAGUGUGAGCUCCGUAACUGGUCGCGUC,(((((((((..(.(..((((.(.....(...((((((((((((())))))))).))..)).........)..).))))..)))))))))))
4LCK,dsRNA,GAGUAGUUCAGUGGUAGAACACCACCUUGCCAAGGUGGGGGUCGCGGGUUCGAAUCCCGUCUCGGGCGAAAGCCCGGGUGCGAUGAGAAGAAGAGUAUUAAGGAUUUACUAUGAUUAGCGACUCUAGGAUAGUGAAAGCUAGAGGAUAGUAACCUUAAGAAGGCACUUCGAGCACCC,(((..((((....{..)))).(((((..[[[..))))).....(((((..}....))))))))((((....))))((((((.....((((.......((((((..(((((((......[..((((((..........])))))).)))))))))))))...]]].))))..))))))
4LCK,dsRNA,GAGUAGUUCAGUGGUAGAACACCACCUUGCCAAGGUGGGGGUCGCGGGUUCGAAUCCCGUCUCGGGCGAAAGCCCGGGUGCGAUGAGAAGAAGAGUAUUAAGGAUUUACUAUGAUUAGCGACUCUAGGAUAGUGAAAGCUAGAGGAUAGUAACCUUAAGAAGGCACUUCGAGCACCC,(((..((((....{..)))).(((((..[[[..))))).....(((((..}....))))))))((((....))))((((((.....((((.......((.(((..(((((((......[..((((((..........])))))).)))))))))).))...]]].))))..))))))
1RAW,ssRNA,GGGAAGGGAAGAAACUGCGGCUUCGGCCGGCUUCCC,((((((...........((((....)))).))))))
2JLT,dsRNA,GGUCGGUCCCAGACGACCGGAGCCUGGGAGCUCC,(((((.[[[[[[.)))))(((((]]]]]])))))
6CF2,ssRNA,GGCUGGACUCGUACUUCGGUACUGGAGAAACAGCC,(((((..(((((((....))))..)))...)))))
5DUN,ssRNA,UUUUUAAUGAAGCCACAGGCUGUGAGGGUCCUAAGCCCCUAAUUCAGAAGGGAA,.((....(((({{(((((.))))).(((.[[[..}})))...))))..]]].))
3DIS,ssRNA,GGCCGACGGAGGCGCGCCCGAGAUGAGUAGGCUGUCCCAUCAGGGGAGGAAUCGGGGACGGCUGAAAGGCGAGGGCGCCGAAGGGUGCAGAGUUCCUCCCGCUCUGCAUGCCUGGGGGUAUGGGGAAUACCCAUACCACUGUCACGGAGGUCUCUCCGUGGAGAGCCGUCGGUC,(((((((((..(.((((((..(.......(((((((((..(..[[[[[[....))))))))))......)..)))))))..((((((((((((.]]]]]]))))))))).)))((.((((((((.....)))))))).)).((((((((....))))))))....)))))))))
6DNR,ssRNA,GGAAAGUGUGUCUAGGGUUCCGCGUGCUUCGGCACGGACUGGUCCAAGUGACACAGACGCAUUCGUGCGUUACACCGGAGGGAUAGAAGCCCAGGCGGGUAGGUUUC,.((((.((((((..((...((((((((....)))))..).)).))....))))))((((((....)))))).[.(((..(((.......))).].))).....))))
8XZK,ssRNA,GGGUGUGUACCGUUCAACUCGUCCCAGCUUCGACUGGGACUACGGGAGCGCCU,.(((((...((((.......((((((((...).))))))).))))..))))).
3DJ2,ssRNA,GGCCGACGGAGGCGCGCCCGAGAUGAGUAGGCUGUCCCAUCAGGGGAGGAAUCGGGGACGGCUGAAAGGCGAGGGCGCCGAAGGGUGCAGAGUUCCUCCCGCUCUGCAUGCCUGGGGGUAUGGGGAAUACCCAUACCACUGUCACGGAGGUCUCUCCGUGGAGAGCCGUCGGUC,(((((((((..(.((((((..(.......(((((((((..(..[[[[[[....))))))))))......)..)))))))..((((((((((((.]]]]]]))))))))).)))((.((((((((.....)))))))).)).((((((((....))))))))....)))))))))
6UBU,ssRNA,GGACAUAUAAUCGCGUGGAUAUGGCACGCAAGUUUCUACCGGGCACCGUAAAUGUCCGACUAUGUCC,((((((((..(.(((((.....[[))))).)[.....)]((((((]].....))))))..)))))))
6WZS,ssRNA,UAUCAGUUAUAUGACUGACGGAACGUGGAAUUAACCACAUGAAGUAUAACGAUGACAAUGCCGACCGUCUGGGCG,.....((.((((..(.[[[[[...((((......))))..)..)))).......))...(((..]]]]]..))).
6WZS,ssRNA,UAUCAGUUAUAUGACUGACGGAACGUGGAAUUAACCACAUGAAGUAUAACGAUGACAAUGCCGACCGUCUGGGCG,.....(((((((..(.[[[[[...((((......))))..)..))))))).........(((..]]]]]..))).
2EET,ssRNA,GGACAUGUAAUCGCGUGGAUAUGGCACGCAAGUUUCUACCGGGCACCGUAAAUGUCCGACCAUGUCC,.(((((((..(.(((((.....[[))))).)[.....)]((((((]].....))))))..)))))).
6E80,ssRNA,GGCGCGAGGAAGGAGGUCUGAGGAGGUCACUGCGCC,.((((...(........).((.....))...)))).
8TOZ,ssRNA,GAGCAACCUAGGAUUUUAGGCUCCCCGGCGUGUCUCGAACCAUGCCGGGCCAAACCCAUAGGGCUGGCGGUCCCUGUGCGGUCAGAAUUCAUCCGCCGGAG,[[[[......((((((...]]]](((((((((........)))))))))....((((((((((........))))))).)))..))))))...........
7REX,ssRNA,UGUGGUUCGCAACCAUCCCACAUAAAAAAACUAG,(((((............)))))............
5NZ6,ssRNA,CCGGACGAGGUGCGCCGUACCCGGUCACGACAAGACGGCGC,[[[[........((((((.(]]]]....).....)))))).
6WLL,ssRNA,GGAAUCGGAUGAAGAUAUGAGGAGAGAUUUCAUUUUAAUGAAACACCGAAGAAGUAAAUCUUUCAGGUAAAAAGGACUCAUAUUGGACGAACCUCUGGAGAGCUUAUCUAAGAGAUAACACCGAAGGAGCAAAGCUAAUUUUAGCCUAAACUCUCAGGUAAAAGGACGGAG,....(((......((((((((....(.((.(((....))).)))(((...((((.....))).).)))........))))))))...)))..(((((....(.(((((.....))))))(((...((((....(((......))).....))).).))).......)))))
1DDY,ssRNA,GGAACCGGUGCGCAUAACCACCUCAGUGCGAGCAA,......[[[.{((....((]]]...).).}.))..
3OWZ,ssRNA,GGCUCUGGAGAGAACCGUUUAAUCGGUCGCCGAAGGAGCAAGCUCUGCGGAAACGCAGAGUGAAACUCUCAGGCAAAAGGACAGAGUC,(((((((....(.((((......)))))(((...((((...((((((((....))))))))....))).).))).......)))))))
6B3K,ssRNA,GACGCGACCGAAAUGGUGAAGGACGGGUCCAGUGCGAGACCCGCACUGUUGAGUAGAGUGUGAGCUCCGUAACUGGUCGCGUC,((((((((((..((((.(.....(...(((((((((.....)))))))..)).........)..).))))..).)))))))))
1F27,dsRNA,ACCGUCAGAGGACACGGUUAAAAAGUCCUC,[[[[[..((((((]]]]]......))))))
7OA3,dsRNA,GGCUAGCUGGAGGGGCGCCAGUUCGCUGGUGGUUGGGUGCGGUCGGCUAGCCG,.(((((((.(....(((((((....)))))........))...))))))))()
7OA3,ssRNA,GGCUAGCUGGAGGGGCGCCAGUUCGCUGGUGGUUGGGUGCGGUCGGCUAGCC,.(((((((.(....(((((((....)))))........))...)))))))).
4ERL,ssRNA,GGACGGAGGCGCGCCCGAGAUGAGUAGGCUGUCCCAUCAGGGGAGGAAUCGGGGACGGCUGAAAGGCGAGGGCGCCGAAGCGAGCAGAGUUCCUCCCGCUCUGCUUGGCUGGGGGUGAGGGGAAUACCCUUACCACUGUCGCGAAAGCGGAGAGCCGUCCA,((((((..(.((((((..(.......(((((((((..(..[[[[[[....))))))))))......)..)))))))..((((((((((((.]]]]]]))))))))).)))((.(((.((((.....)))).))).)).((((....))))....)))))).
2OOM,dsRNA,GGAGCCUGGGAGCUCCCACGGUCCCAGACGUG,((((([[[[[.)))))((((..]]]]].))))
8D2A,ssRNA,GGCGAUACCAGCCGAAAGGCCCUUGGCAGCGCC,((((...((.(((....)))....))...))))
1EXY,ssRNA,GGGCGCCGGUACGCAAGUACGACGGUACGCUCC,((((((((((((....))))..)))..))))).
6WLT,ssRNA,GGUCCGUUGAAGACUGCAGGAGAGUGGUUGUUAACCAGAUUUUAACAUCUGAGCCAAAUAACCCGCCGAAGAAGUAAAUCUUUCAGGUGCAUUAUUCUUAGCCAUAUAUUGGCAACGAAUAAGCGAGGACUGUAGUUGGAGGAACCUCUGGAGAGAACCGUUUAAUCGGUCGCCGAAGGAGCAAGCUCUGCGCAUAUGCAGAGUGAAACUCUCAGGCAAAAGGACAGAGGA,..(((......((((((((......(((((((...(((((......))))).....))))))).(((...((((.....))))..)))((.((((((.(.((((.....)))))..)))))))).....))))))))...))).((((((....(.((((......)))))(((...((((...((((((((....))))))))....))).).))).......)))))).
4PDB,ssRNA,GGGAUGCUCAGUGAUCCUUCGGGAUAUCAGGGCAUCCC,(((((((((...(((((....)))..)).)))))))))
6UC9,ssRNA,GGACAUAUAAUCGCGUGGAUAUGGCACGCAAGUUUCUACCGGGCACCGUAAAUGUCCGACUAUGUCC,((((((((..(.(((((.....[[))))).)[.....)]((((((]].....))))))..)))))))
8FW4,ssRNA,GGUUAAAGCCUUAUGGUCGCUACCAUUGCACUCCGGUAGCGUUAAAAGGGAAGACGGGUGAGAAUCCCGCGCAGCCCCCGCUACUGUGAGGGAGGACGAAGCCCUAGUAAGCCACUGCCGAAAGGUGGGAAGGCAGGGUGGAGGAUGAGUCCCGAGCCAGGAGACCUGCCAUAAGGUUUUAGAAGUUCGCCUUCGGGGGGAAGGUGAAC,....((..((.(.(((((((((..............))))).....((....(.((((.......))))){{(([[[[[[)).(((...((((........(((......(((.(((((....)))))...))).)))...........))))..}}))).....)))))).).)).))......((..((((]]]]].]))))..)).
1TOB,ssRNA,GGCACGAGGUUUAGCUACACUCGUGCC,((((((((((......)).))))))))
8XZP,ssRNA,GGGUGUGUACCGUUCAACUCGUCCCAGCUUCGACUGGGACUACGGGAGCGCCU,((((((...((((.......((((((((...).))))))).))))..))))))
6PQ7,ssRNA,GUACGAAGGAAGGUUUGGUAUGGGGUAGUUGUCGUAC,((((((....(..................).))))))
5FK1,ssRNA,GGCUUAUCAAGAGAGGGGGAGCGACUGGCGCGAAGAUCCCCGGCAACCAGAAAUGGUGCCAAUUCCUGCAGCGGAAACGUUGAAAGAUGAGCCG,((((((((....(.(((...(((.[.[[)))......))))(((..(((....))).)))...(]].](((((....)))))..))))))))).
5FK2,ssRNA,GGCUUAUCAAGAGAGGGGGAGCGACUGGCGCGAAGAGCCCCGGCAACCAGAAAUGGUGCCAAUUCCUGCAGCGGAAACGUUGAAAGAUGAGCCG,((((((((....(.(((...(((.[.[[)))......))))(((..(((....))).)))...(]].](((((....)))))..))))))))).
6N5O,ssRNA,GGUUGCCGAAUCCGAUCUGGCGGUACGGAGGAACCGCUUUUUGGGGUUAAUCUGCAGUGAAGCUGCAGUAGGGAUACCUUCUGUCCCGCACCCGACAGCUAACUCCGGAGGCAAUAAAGGAAGGAG,...((((....(((......)))..(((((....(.....(.{((((....((((((.....))))))..(((((.[[[[[[)))))..)))).)}.)....)))))..)))).....]]]]]]..
2L1V,ssRNA,GGAGAGGUUCUAGUUAUACCCUCUAUAAAAAACUAA,..(((((...[[[......)))))........]]].
6CK5,ssRNA,GUGAAAGUGUACCUAGGGUUCCAGCCUAUUUGUAGGUGUUCGGACCGAGCGGUACAGGUAUAUUUUUAUAUACCACACCUUAGGGACAAAAGCCCGGGAGGAUAGGUUUCACUCGUA,.(((((.((((((..((...((((((((....)))))..).)).))....))))))((((((......)))))).[.((((.(((.......))).])))).....)))))......
6CK5,ssRNA,GUGAAAGUGUACCUAGGGUUCCAGCCUAUUUGUAGGUGUUCGGACCGAGCGGUACAGGUAUAUUUUUAUAUACCACACCUUAGGGACAAAAGCCCGGGAGGAUAGGUUUCAC,((((((.((((((..((...((((((((....)))))..).)).))....))))))((..............)).[.((((.(((.......))).])))).....))))))
4FEJ,ssRNA,GGACAUAUAUUCGCGUGGAUAUGGCACGCAAGUUUCUACCGGGCACCGUAAAUGUCCGACUAUGUCC,((((((((..(.(((((.....[[))))).)[.....)]((((((]].....))))))..)))))))
8SA2,dsRNA,GGUUAAAGCCUUAUGGUCGCUACCAUUGCACUCCGGUAGCGUUAAAAGGGAAGACGGGUGAGAAUCCCGCGCAGCCCCCGCUACUGUGAGGGAGGACGAAGCCCUAGUAAGCCACUGCCGAAAGGUGGGAAGGCAGGGUGGAGGAUGAGUCCCGAGCCAGGAGACCUGCCAUAAGGUUUUAGAAGUUCGCCUUCGGGGGGAAGGUGAACAGGUUAAAGCCUUAUGGUCGCUACCAUUGCACUCCGGUAGCGUUAAAAGGGAAGACGGGUGAGAAUCCCGCGCAGCCCCCGCUACUGUGAGGGAGGACGAAGCCCUAGUAAGCCACUGCCGAAAGGUGGGAAGGCAGGGUGGAGGAUGAGUCCCGAGCCAGGAGACCUGCCAUAAGGUUUUAGAAGUUCGCCUUCGGGGGGAAGGUGAACA,..((((((.(((((((((((((.....(....)...))))).....((....(.((((.......))))){{(([[[[[[)).(((...((((..........(......(((.(((((....)))))...))).).............))))..}}))).....)))))))))).))))))..((((.(((([[.[[.[)))).))))...((((((((((((((((((((..............))))).....((....(.((((.......))))){{((].]]]])).(((...((((..........(......(((.(((((....)))))...))).).............))))..}}))).....)))))))))))))))))..(((((((((]]]]].]))))))))).
6E81,ssRNA,GGCGCGAGGAAGGAGGUCUGAGGAGGUCACUGCGCC,(((((...(........).(.......)...)))))
8VPV,ssRNA,GAGCAACUUAGGAUUUUAGGCUCCCCGGCGUGUCUCGAACCAUGCCGGGCCAAACCCAUAGGGCUGGCGGUCCCUGUGCGGUCAAAUUCAUCCGCCGGAG,[[[[......((((((...]]]](((((((((........)))))))))....((((((((((........))))))).))).))))))...........
4W90,ssRNA,GCGCGCUUAAUCUGAAAUCAGAGCGGGGGACCCAUUGCACUCCGGGUUUUUCCCGUAGGGGUGAAUCCUUUUUAGGUAGGGCGAAAGCCCGAAUCCGUCAGCUAACCUCGUAAGCGCGC,(((((((...((((....))))((((((....(........................(((((....(((....)))..((((....))))..))))..).)....)))))).)))))))
4TZV,dsRNA,GAGUAGUUCAGUGGUAGAACACCACCUUGCCAAGGUGGGGGUCGCGGGUUCGAAUCCCGUCUCGGGCGAAAGCCCGGGUGCGAUGAGAAGAAGAGUAUUAAGGAUUUACUAUGAUUAGCGACUCUAGGAUAGUGAAAGCUAGAGGAUAGUAACCUUAAGAAGGCACUUCGAGCACCC,(((..((((....[..)))).(((((....{..))))).....(((((..]....))))))))((((....))))((((((.....((((.......(((.((..((((((.......[..((((((..........]))))))..)))))))).)))...}...))))..))))))
1NEM,ssRNA,GGACUGGGCGAGAAGUUUAGUCC,(((((((((.....)))))))))
4MGN,dsRNA,GGAAUCAAUAGUAGUUAACCCUCUCUUCCGAAGCGAGCCGGGGGCGGUGGGAGCCCGGUGAAGACGGUUAAUGAAACGGCAGUUCCGCGGAAGUAGUUCAGUGGUAGAACACCACCUUGCCAAGGUGGGGGUCGCGGGUUCGAGUCCCGUCUUCCGCUCCA,(((((.........((((((...(((((.....[..((((((..........]))))))))))).))))))......[[[.)))))(((((((..((((....{..)))).(((((..]]]..))))).....(((((..}....))))))))))))....
4MGN,dsRNA,GGAAUCAAUAGUAGUUAACCCUCUCUUCCGAAGCGAGCCGGGGGCGGUGGGAGCCCGGUGAAGACGGUUAAUGAAACGGCAGUUCCGCGGAAGUAGUUCAGUGGUAGAACACCACCUUGCCAAGGUGGGGGUCGCGGGUUCGAGUCCCGUCUUCCGCUC,((((.........(((((((...(((((.....[..((((((..........]))))))))))).))))))).....[[[..))))(((((((..((((....{..)))).(((((..]]]..))))).....(((((..}....))))))))))))..
6N2V,ssRNA,GGCUUGGGGAGUAGCCUGCUUUCGGAAACGAAAGCGCCUGUAUCAACAUACUCGGCGAAAGCCGUGGUGCAGGACCGAAAGGUCUGGCGAGACCAGGCC,(((((((......(((.(((((((....))))))).(((((((((.......((((....)))))))))))))(((....)))..)))....)))))))
6N2V,ssRNA,GGCUUGGGGAGUAGCCUGCUUUCGGAAACGAAAGCGCCUGUAUCAACAUACUCGGCGAAAGCCGUGGUGCAGGACCGAAAGGUCUGGCGAGACCAGGCC,(((((((......(((.(((((((....))))))).(((((((((.......((((....))))))))))))).((....))...)))....)))))))
8HZK,ssRNA,GGAAGAUUGUAAACAUGCCGAAAGGCAGACACUUCC,(((((..........((((....))))....)))))
6WLR,ssRNA,GGUCAUGAGUGCCAGCGUCAAGCCCCGGCUUGCUGGCCGGCAACCCUCCAACCGCGGUGGGGUGCCCCGGGUGAUGACCAGGUUGAGUAGCCGUGACGGCUACGCGGCAAGCGCGGGUC,((((....(.((((((....((.[[[[[)).)))))))(((..(((.((..{{{{))..))).)))]]]]]....))))..((((.((((((.....)))))).))))....}}}}...
6GZK,ssRNA,GGACGACUGAACCGAAAGGUUCUUGGCUGCUUCGGCAGAGGUACGUCC,(((((((.(((((....)))))....((((....))))..)).)))))
3LA5,ssRNA,GGCUUCAUAUAAUCCGAAUGAUAUGGUUUCGGAGCUUCCACCAAGAGCCUUAAACUCUUGACUAUGGAGUC,((((.(((((..((((((......[[.))))))[.....)]((((((]].....))))))..)))).))))
3UZS,ssRNA,GGCAGACCAUACGGGAGAGAAACUUGCC,(((((.((.....))........)))))
4LX5,ssRNA,GGCUUCAUAUAAUCCGAAUGAUAUGGUUUCGGAGCUUCCACCAAGAGCCUUAAACUCUUGAUUAUGAAGUC,((((((((((..((((((......[[.))))))[.....)]((((((]].....))))))..)))))))))
4LX6,ssRNA,GGCUUCAUAUAAUCCGAAUGAUAUGGUUUCGGAGCUUCCACCAAGAGCCUUAAACUCUUGACUAUGAAGUC,((((((((((..((((((......[[.))))))[.....)]((((((]].....))))))..)))))))))
5FK4,ssRNA,GGCUUAUCAAGAGAGGGUGAGCGACUGGCGCGAAGAUCCCCGGCAACCAGAAAUGGUGCCAAUUCCUGCAGCGGAAACGUUGAAAGAUGAGCC,((((((((....(.(((...(((.[.[[)))......))))(((..(((....))).)))...(]].](((((....)))))..)))))))))
6WLM,ssRNA,GGAAUCGGAUGAAGAUAUGAGGAGAGAUUUCAUUUUAAUGAAACACCGAAGAAGUAAAUCUUUCAGGUAAAAAGGACUCAUAUUGGACGAACCUCUGGAGAGCUUAUCUAAGAGAUAACACCGAAGGAGCAAAGCUAAUUUUAGCCUAAACUCUCAGGUAAAAGGACGGAG,....(((......((((((((....(.((.((((..)))).)))(((...((((....[))).).)))........))))))))...)))..(((((....(.(((((.....))))))(((...((((....(((......)))....]))).).))).......)))))
6E1U,ssRNA,CUGGGUCGCAGUCCCCCAGUUAACAAAACAAG,(((((...[.[...))))).........]..]
2TOB,ssRNA,ACUUGGUUUAGGUAAUGAGU,((((..(......)..))))
6DMC,dsRNA,GGAAGUGUACCUAGGGAUCCACCUCGAGAGAGGAAGGACCAAGCGGUACAGGCCUACUUCGGUAGGUUACACCGUGGGGAUAAAAGACCCGUGGCAAGUUUCG,((((.((((((..((...((.((((....))))..)).))....))))))(((((((....))))))).[.(((((((.........)))))))....))))]
6DMC,ssRNA,GGAAGUGUACCUAGGGAUCCACCUCGAGAGAGGAAGGACCAAGCGGUACAGGCCUACUUCGGUAGGUUACACCGUGGGGAUAAAAGACCCGUGGCAAGUUUC,((((.((((((..((...((.((((....))))..)).))....))))))(((((((....)))))))...(((((((.........)))))))....))))
5NEF,ssRNA,GGUGGGGACGACCCCACC,(((((((....)))))))
4TZY,dsRNA,GGGAAGAUAUAAUCCUAAUGAUAUGGUUUGGGAGUUUCUACCAAGAGCCUUAAACUCUUGAUUAUCUUCCCA,((((((((((..((((((......[[.))))))[.....)]((((((]].....)))))).[)))))))))]
1NTB,dsRNA,GGAUCGCAUUUGGACUUCUGCCCGGCACCACGGUCGGAUC,.((((.(.....(((..(((((.))))....)))))))))
6MSF,ssRNA,CCACAGUCACUGGG,((.(((...)))))
6MSF,ssRNA,CAGUCACUGG,(((...))).
8U5T,ssRNA,GCGUACGAAGGUGAGGAGAGGCGAGGAAGAGUACGC,((((((........................))))))
5E54,ssRNA,GGGAAGAUAUAAUCCUAAUGAUAUGGUUUGGGAGUUUCUACCAAGAGCCUUAAACUCUUGAUUAUCUUCCC,......(((...((((((......[[.))))))((.{..))((((((]].....))))))}.)))......
5E54,ssRNA,GGGAAGAUAUAAUCCUAAUGAUAUGGUUUGGGAGUUUCUACCAAGAGCCUUAAACUCUUGAUUAUCUU,...((((((...((((((......[[.))))))((.{..))((((((]].....))))))}.))))))
8SA4,dsRNA,GGUUAAAGCCUUAUGGUCGCUACCAUUGCACUCCGGUAGCGUUAAAAGGGAAGACGGGUGAGAAUCCCGCGCAGCCCCCGCUACUGUGAGGGAGGACGAAGCCCUAGUAAGCCACUGCCGAAAGGUGGGAAGGCAGGGUGGAGGAUGAGUCCCGAGCCAGGAGACCUGCCAUAAGGUUUUAGAAGUUCGCCUUCGGGGGGAAGGUGAACAGGUUAAAGCCUUAUGGUCGCUACCAUUGCACUCCGGUAGCGUUAAAAGGGAAGACGGGUGAGAAUCCCGCGCAGCCCCCGCUACUGUGAGGGAGGACGAAGCCCUAGUAAGCCACUGCCGAAAGGUGGGAAGGCAGGGUGGAGGAUGAGUCCCGAGCCAGGAGACCUGCCAUAAGGUUUUAGAAGUUCGCCUUCGGGGGGAAGGUGAACA,..(.((((((((((((((((((..............))))).....((....(.((((.......))))){{(([[.[[[)).(((...((((.................(((.(((((....)))))...)))...............))))..}}))).....))))))))))))))).)...............................(................................................................................................................................................................................)....((((((((]].]].]))))))))..
3Q50,ssRNA,CUGGGUCGCAGUAACCCCAGUUAACAAAACAAG,(((((...[.[....))))).........]..]
8TJV,ssRNA,GGGCGAUGAGGCCCGCCCAAACUGCCCUAUAUGGAUGCAGUUCACAGACUAAAUGUCGGUCGGGGAAGAUGUAUUCUUCUCAUAAGAUAUAGUCGGACCUCUCCUUAAUGGGAGCUAGCGGAUGAAGUGAUGCAACACUGGAGCCGCUGGGAACUAAUUUGUAUGCGAAAGUAUAUUGAUUAGUUUUGGAGGAGGGAAAAGUUAUCAGGCAUGCACCUGGUAGCUAGUCUUUAAACCAAUAGAUUGCAUCGGUUUAAAAGGCAAGACCGUCAAAUUGCGGGAAAGGGGUCAACAGCCGUUCAGUACCAAGUCUCAGGGGAAACUUUGAGAUGGCCUUGCAAAGGGUAUGGUAAUAAGCUGACGGACAUGGUCCUAACCACGCAGCCAAGUCCUAAGUAGGGCUGAUGGCCUCUACUG,.[[[[..((((((]]]]......(((((((..((((...((...(.(((((...[.[[[[[.(((((((.....)))))))........))))))..((.(((((....)))))(((((((....(((([[[[[[))))....))))))).(((((((...(((((....)))))...)))))))..))..........((((((((((..{{{.)))))))))).(((((((((((....(.]]]]]]))))))).)))))..]]]]].]....((((((...((((((.....(((.((((.(((..(((((((((....)))))))))..((..}}.}.))....)))......)))))))....))))))..)).))))))...))))...)))))))....)))))).....
7OAV,dsRNA,GGCUAGCUGGAGGGGCGCCAGUUCGCUGGUGGUUGGGUGCGGUCGGCUAGCCG,.(((((((.(....(((((((....)))))........))...))))))))()
7OAV,ssRNA,GGCUAGCUGGAGGGGCGCCAGUUCGCUGGUGGUUGGGUGCGGUCGGCUAGCC,.(((((((.(....(((((((....)))))........))...)))))))).
3DD2,ssRNA,GGGAACAAAGCUGAAGUACUUACCCT,(((....((((....)..))).))).
4TZW,dsRNA,GAGUAGUUCAGUGGUAGAACACCACCUUGCCAAGGUGGGGGUCGCGGGUUCGAAUCCCGUCUCGGGCGAAAGCCCGGGUGCGAUGAGAAGAAGAGUAUUAAGGAUUUACUAUGAUUAGCGACUCUAGGAUAGUGAAAGCUAGAGGAUAGUAACCUUAAGAAGGCACUUCGAGCACCC,(((..((((....{..)))).(((((..[[[..))))).....(((((..}....))))))))((((....))))((((((.....((((.......((((((..(((((((......[..((((((..........])))))).)))))))))))))...]]].))))..))))))
5NEP,ssRNA,GGUGGGGACGACCCCACC,(((((((....)))))))
4KZE,ssRNA,GGACGCGACCGAAAUGGUGAAGGACGGGUCCAGUGCGAAACACGCACUGUUGAGUAGAGUGUGAGCUCCGUAACUGGUCGCGUC,.((((((((((..((((.(.....(...(((((((((.....)))))))..)).........)..).))))..).)))))))))
3RKF,ssRNA,GGCCAUAUAACUGCGUGGAUAUAGCACGCAGGUUUCUACCGGGCACUGUAAAUGUCCGACUAUGGUC,((((((((..(((((((.....[[)))))))[.....)]((((((]].....))))))..)))))))
2LI4,ssRNA,GGACCGAUAAGGUAGAAAUGCCUUAUCGGUCC,((((((((((((((....))))))))))))))
6CC3,dsRNA,GAAAGGGGAGUAGCGUCGGGAAACCGAAACAAAGUCGACAUACUGUGAGGAAACUCACCGGCUUUGUUGACAUACGAAAGUAUGUUUAGCAAGACCUUUCCGAAAGGGGAGUAGCGUCGGGAAACCGAAACAAAGUCGACAUACUGUGAGGAAACUCACCGGCUUUGUUGACAUACGAAAGUAUGUUUAGCAAGACCUUUCCGGGGAAGUGUACCUAGGGAUCCACCUCGAGAGAGGAAGGACCAAGCGGUACAGGCCUACUUCGGUAGGUUACACCGUGGGGAUAAAAGACCCGUGGCAAGUUUCGGGCCGACGGAGGCGCGCCCGAGAUGAGUAGGCUGUCCCAUCAGGGGAGGAAUCGGGGACGGCUGAAAGGCGAGGGCGCCGAAGGGUGCAGAGUUCCUCCCGCUCUGCAUGCCUGGGGGUAUGGGGAAUACCCAUACCACUGUCACGGAGGUCUCUCCGUGGAGAGCCGUCGGUCCCAUACG,.(((((......((.((((....))))((((((((((.......(((((....)))))))))))))))(((((((....)))))))..))....)))))(..(((((......((.((((....))))((((((((((.......(((((....)))))))))))))))(((............)))..))....)))))..).((((.((((((..((...((.((((....))))..)).))....))))))(((((((....))))))).[.(((((((.........)))))))....))))](((((((((..(.((((((..(.......(((((((((..(..[[[[[[....))))))))))......)..)))))))..((((((((((((.]]]]]]))))))))).)))((.((((((((.....)))))))).)).((((((((....))))))))....))))))))).......
3OWW,ssRNA,GGCUCUGGAGAGAACCGUUUAAUCGGUCGCCGAAGGAGCAAGCUCUGCGGAAACGCAGAGUGAAACUCUCAGGCAAAAGGACAGAGUC,(((((((....(.((((......)))))(((...((((...((((((((....))))))))....))).).))).......)))))))
2JWV,ssRNA,GAUACUUGAAACUGUAAGGUUGGCGUAUC,(((((....((((....))))...)))))
8U5J,ssRNA,GUACGAAGGAAGGUUUGGUAUGUGGUAGAUUCGUAC,(((((((......................)))))))
3HSB,ssRNA,AGAGAGA,.......
4TZP,dsRNA,GAGUAGUUCAGUGGUAGAACACCACCUUGCCAAGGUGGGGGUCGCGGGUUCGAAUCCCGUCUCGGGCGAAAGCCCGGGUGCGAUGAGAAGAAGAGUAUUAAGGAUUUACUAUGAUUAGCGACUCUAGGAUAGUGAAAGCUAGAGGAUAGUAACCUUAAGAAGGCACUUCGAGCACCC,(((..((((....{..)))).(((((..[[[..))))).....(((((..}....))))))))(((......)))(((.((.....((((.......((.(((...((((((......[..((((((..........])))))).)))))).))).))...]]].))))..)).)))
4TZP,ssRNA,GAGUAGUUCAGUGGUAGAACACCACCUUGCCAAGGUGGGGGUCGCGGGUUCGAAUCCCGUCUCGGGCGAAAGCCC,(((..((((....[..)))).(((((.......))))).....(((((..]....))))))))((((....))))
4TZP,ssRNA,GGGUGCGAUGAGAAGAAGAGUAUUAAGGAUUUACUAUGAUUAGCGACUCUAGGAUAGUGAAAGCUAGAGGAUAGUAACCUUAAGAAGGCACUUCGAGCACCC,((((((.....((((.......((.(((...((((((......[..((((((..........])))))).)))))).))).)).......))))..))))))
4QLM,ssRNA,GGAUCGCUGAACCCGAAAGGGGCGGGGGACCCAGAAAUGGGGCGAAUCUCUUCCGAAAGGAAGAGUAGGGUUACUCCUUCGACCCGAGCCCGUCAGCUAACCUCGCAAGCGUCCGAAGGAGAAUC,....((((.............((((((....(......(((((....(((((((....)))))))..(((((.[[[[[[[)))))..))))..).)....)))))).))))...]]]]]]]....
6B14,ssRNA,GACGCGACCGAAAUGGUGAAGGACGGGUCCAGUGCGAAACACGCACUGUUGAGUAGAGUGUGAGCUCCGUAACUGGUCGCGUC,((((((((((..((((.(.....(...(((((((((.....)))))))..)).........)..).))))..).)))))))))
8FB3,ssRNA,UGUGGUUCGCAACCAUCCCACAUAAAAAAACUAG,(((((....[.......)))))...........]
8FB3,ssRNA,UGUGGUUCGCAACCAUCCCACAUAAAAAAACUAG,.((((............)))).............
8FB3,ssRNA,UGUGGUUCGCAACCAUCCCACAUAAAAAAACUAG,(((((............)))))............
1EHT,ssRNA,GGCGAUACCAGCCGAAAGGCCCUUGGCAGCGUC,((((...((.(((....)))....))...))))
5T83,ssRNA,GUCUAAAGUUUGCUAGGGUUCCGCGUCAUAGGUGGUCUGGUCCAAGAGCAAACGGCUUUCACAAAGCCACACGGAAGGAUAAAAGCCUGGGAGAU,.......((((((..((...(((((((...))))..).)).))....))))))((((.......)))).(.[....((.......))..)..]..
8SA6,dsRNA,GGUUAAAGCCUUAUGGUCGCUACCAUUGCACUCCGGUAGCGUUAAAAGGGAAGACGGGUGAGAAUCCCGCGCAGCCCCCGCUACUGUGAGGGAGGACGAAGCCCUAGUAAGCCACUGCCGAAAGGUGGGAAGGCAGGGUGGAGGAUGAGUCCCGAGCCAGGAGACCUGCCAUAAGGUUUUAGAAGUUCGCCUUCGGGGGGAAGGUGAACAGGUUAAAGCCUUAUGGUCGCUACCAUUGCACUCCGGUAGCGUUAAAAGGGAAGACGGGUGAGAAUCCCGCGCAGCCCCCGCUACUGUGAGGGAGGACGAAGCCCUAGUAAGCCACUGCCGAAAGGUGGGAAGGCAGGGUGGAGGAUGAGUCCCGAGCCAGGAGACCUGCCAUAAGGUUUUAGAAGUUCGCCUUCGGGGGGAAGGUGAACA,...(((((.(((((((.(((((((..........))))))).....(........(((.......)))..{{(([[[[[[)).(((...((((...(...(.(........((.((..(.....).))...))....))...)......))))..}})))......).))))))).)))))....(((((((.[[[[..[.))))))).....(((((.(((((((.((((((............)))))).....(........(((.......)))..{{((].]]]])).(((...(((..........................................................)))..}})))......).))))))).)))))....(((.((((]]]]].])))).)))..
5FK5,ssRNA,GGCUUAUCAAGAGAGGGAGAGCGACUGGCGCGAAGAACCCCGGCAACCAGAAAUGGUGCCAAUUCCUGCAGCGGAAACGUUGAAAGAUGAGCCG,((((((((....(.(((...(((.[.[[)))......))))(((..(((....))).)))...(]].](((((....)))))..))))))))).
6E1S,ssRNA,CUGGGUCGCAGUCCCCCAGUUAACAAAACAAG,(((((...[.[...))))).........]..]
1F1T,ssRNA,GGAUCCCGACUGGCGAGAGCCAGGUAACGAAUGGAUCC,((((((((.(((((....)))))....))...))))))
3D0U,ssRNA,GGACGGAGGCGCGCCCGAGAUGAGUAGGCUGUCCCAUCAGGGGAGGAAUCGGGGACGGCUGAAAGGCGAGGGCGCCGAAGCGAGCAGAGUUCCUCCCGCUCUGCUUGGCUGGGGGUGAGGGGAAUACCCUUACCACUGUCGCGAAAGCGGAGAGCCGUCCA,((((((..(.((((((..(.......(((((((((..(..[[[[[[....))))))))))......)..)))))))..((((((((((((.]]]]]]))))))))).)))((.((((((((.....)))))))).)).((((....))))....)))))).
4ZNP,ssRNA,GGGAUACAGGACUGGCGGAUUAGUGGGAAACCACGUGGACUGUAUCCGAAAAAAAGCCGACCGCCUGGGCAUC,.((((((((..(.[[[[[....((((....))))..)..))))))))........(((..]]]]]..)))...
4ZNP,ssRNA,GGGAUACAGGACUGGCGGAUUAGUGGGAAACCACGUGGACUGUAUCCGAAAAAAAGCCGACCGCCUGGGCAUC,.(.((.(((..(.[[[[[....((((....))))..)..))).)).)........(((..]]]]]..)))...
1O15,ssRNA,GGCGAUACCAGCCGAAAGGCCCUUGGCAGCGUC,((((...((.(((....)))....))...))))
3GCA,ssRNA,CUGGGUCGCAGUAACCCCAGUUAACAAAACAAG,(((((...[.[....))))).........]..]
6HC5,ssRNA,GGUGGGGACGACCCCACC,(((((((....)))))))
3MUM,dsRNA,GGUCACGCACAGAGCAAACCAUUCGAAAGAGUGGGACGCAAAGCCUCCGGCCUAAACCAUUGCACUCCGGUAGGUAGCGGGGUUACCGAUGGG,...(.((......((...((((((....))))))..[))...(((.((((((((..((..........))))))).]))))))..[))...)]
8EPK,ssRNA,GUGGACUAUACCGCGUAAUGCUGCCUCCACT,(((((.......((.....))....))))).
8D5O,ssRNA,GGCGAUACCAGCCGAAAGGCCCUUGGCAGCGCC,((((...((.(((....)))....))...))))
2XO1,ssRNA,GAACAUAUAAUCGCGUGGAUAUGGCACGCAAGUUUCUACCGGGCACCGUAAAUGUCCGAUUAUGUC,..((((((..(.(((((.....[[))))).)[.....)]((((((]].....))))))..))))).
8XZE,ssRNA,GGGUGUGUACCGUUCAACUCGUCCCAGCUUCGACUGGGACUACGGGAGCGCCU,((((((...((((.......((((((((...).))))))).))))..))))))
3SLM,dsRNA,GGCCUUAUACAGGGUAGCAUAAUGGGCUACUGACCCCGCCUUCAAACCUAUUUGGAGACUAUAAGGUCG,((((((((((..((((((.....[[))))))[.....)](((((((]]..))))))).[)))))))))]
3SLM,ssRNA,GGCCUUAUACAGGGUAGCAUAAUGGGCUACUGACCCCGCCUUCAAACCUAUUUGGAGACUAUAAGGUC,((((((((((..((((((.....[[))))))[.....)](((((((]]..)))))))..)))))))))
2RQJ,ssRNA,GGAGGAGGAGGA,............
6RTI,ssRNA,GGGACCGAAAAAGACCUGACUUCUAUACUAAGUCUACGUUCCC,((((.((....((((................)))).)).))))
6C65,ssRNA,GCGUACGAAGGAGAGGAGAGGUAGAGGAGAGUACGC,((((((........................))))))
6C65,ssRNA,CGUACGAAGGAGAGGAGAGGUAGAGGAGAGUACGG,..(((........................)))...
6VUI,ssRNA,CUGGGUCGCAGUAACCCCAGUUAACAAAACAAG,(((((...[.[....))))).........]..]
6CB3,dsRNA,GAAAGGGGAGUAGCGUCGGGAAACCGAAACAAAGUCGUCAAUUCGUGAGGAAACUCACCGGCUUUGUUGACAUACGAAAGUAUGUUUAGCAAGACCUUUCCGAAAGGGGAGUAGCGUCGGGAAACCGAAACAAAGUCGUCAAUUCGUGAGGAAACUCACCGGCUUUGUUGACAUACGAAAGUAUGUUUAGCAAGACCUUUCCGGGGAUGCGCCUUGAAAAGCCUGCGAAACACGCAGCUGGUGAAUGACAGCUAUGGCGCAUCC,.(((((......((.((((....))))((((((((((.......(((((....)))))))))))))))(((((((....)))))))..))....)))))(..(((((......((.((((....))))((((((((((.......(((((....)))))))))))))))(((((((....)))))))..))....)))))[.)](((((((((..(.....[).(((.....)))(((((......].)))))..)))))))))
1OOA,ssRNA,CAUACUUGAAACUGUAAGGUUGGCGUAUG,(((((....((((....))))...)))))
3IWN,dsRNA,CACGCACAGGGCAAACCAUUCGAAAGAGUGGGACGCAAAGCCUCCGGCCUAAACGGCAUUGCACUCCGCCGUAGGUAGCGGGGUUACCGAUGGCACGCACAGGGCAAACCAUUCGAAAGAGUGGGACGCAAAGCCUCCGGCCUAAACGGCAUUGCACUCCGCCGUAGGUAGCGGGGUUACCGAUGGGGGGACGACUGAACCGAAAGGUUCUUGGCUGCUUCGGCAGAGGUACGUCC,((((......((...((((((....))))))..[))...(((.((((((((..((((..........))))))))).]))))))..[)).)).((((......((...(((.((....)).)))..[))...(((.((.(((((..((((..........))))))))).].)))))..{)).)).]}(((((((.(((((....)))))....((((....))))..)).)))))
8U5K,ssRNA,GCGUACGAAGGAGAGGAGAGGAAGAGGAGAGUACGC,((((((........................))))))
3GOT,ssRNA,GGACAUAUAAUCGCGUGGAUAUGGCACGCAAGUUUCUACCGGGCACCGUAAAUGUCCGAUUAUGUCC,.(((((((..(.(((((.....[[))))).)[.....)]((((((]].....))))))..)))))).
5UZA,dsRNA,GGGAAGAUAUAAUCCUAAUGAUAUGGUUUGGGAGUUUCUACCAAGAGCCUUAAACUCUUGAUUAUCUUCCCA,((((((((((..((((((......[[.))))))[.....)]((((((]].....)))))).[)))))))))]
5KH8,ssRNA,GGCGAUGGUGUUCGCCAUAAACGCUCUUCGGAGCUAAUGACACCUAC,[[[[..((((((]]]]......((((....))))....))))))...
8U5P,ssRNA,GCGUACGAAGGAGAGGAGAGGAAGAGGAGAGUACGC,((((((........................))))))
8U5P,ssRNA,GCGUACGAAGGAGAGGAGAGGAAGAGGAGAGUACG,.(((((........................)))))
6DLT,ssRNA,GGAAAGUGUGUCUAGGGUUCCGCGUGCUUCGGCACGGACUGGUCCAAGUGACACAGACGCAUUCGUGCGUUACACCGGAGGGAUAGAAGCCCAGGCGGGUAGGUUUC,.((((.((((((..((...((((((((....)))))..).)).))....))))))((((((....)))))).[.(((..(((.......))).].))).....))))
3FU2,ssRNA,AGAGGUUCUAGCUACACCCUCUAUAAAAAACUAA,(((((...[[[......)))))........]]].
4Q9R,ssRNA,GGACGCGACCGAAAUGGUGAAGGACGGGUCCAGUGCGAAACACGCACUGUUGAGUAGAGUGUGAGCUCCGUAACUGGUCGCGUC,.((((((((((..((((.(.....(...(((((((((.....)))))))..)).........)..).))))..).)))))))))
4M6D,ssRNA,GGGCGGCUAAAGAGUGCAGAGUUACUUAGUUCACUGCAGACGCCC,....(.((.......((((.(.(.[..)]..).)))))).)....
4M6D,ssRNA,GGGCGGCUAAAGAGUGCAGAGUUACUUAGUUCACUGCAGACGCCC,..(((.((.......((((.(.(.[..)]..).)))))).)))..
4M6D,ssRNA,GGGCGGCUAAAGAGUGCAGAGUUACUUAGUUCACUGCAGACGCCC,...((.((.......((((.(.(.[..)]..).)))))).))...
4M6D,ssRNA,GGGCGGCUAAAGAGUGCAGAGUUACUUAGUUCACUGCAGACGCC,..(((.((.......((.(.(.(.[..)]..).).)))).))).
4XWF,ssRNA,GGGUCGUGACUGGCGAACAGGUGGGAAACCACCGGGGAGCGACCCUUGCCGCCCGCCUGGGCAA,(((((((..((........(((((....))))).))..)))))))(((((.........)))))
1U1Y,ssRNA,CCGGGGGAUCACCACGG,(((..((....)).)))
1U1Y,ssRNA,CCGGGGGAUCACCACGG,.((..((....)).)).
6DLQ,ssRNA,GGAAAGUGUGUCUAGGGUUCCGCGUGCUUCGGCACGGACUGGUCCAAGUGACACAGACGCAUUCGUGCGUUACACCGGAGGGAUAGAAGCCCAGGCGGGUAGGUUUC,.((((.((((((..((...((((((((....)))))..).)).))....))))))((((((....)))))).[.(((..(((.......))).].))).....))))
8U5R,ssRNA,GCGUACGAAGGUGAGGAGAGGCGAGGAAGAGUACGC,((((((........................))))))
5NDI,dsRNA,UUUGCAGGACGACCUGCAAAUUUGCAGGACGACCUGCAAA,((((((((.[[.))))))))((((((((.]].))))))))
2EES,ssRNA,GGACAUUUAAUCGCGUGGAUAUGGCACGCAAGUUUCUACCGGGCACCGUAAAUGUCCGACAAUGUCC,.(((((((..(.(((((.....[[))))).)[.....)]((((((]].....))))))..)))))).
5OB3,ssRNA,GGGAGUACGGUGAGGGUCGGGUCCAGUAGGUACGCCUACUGUUGAGUAGAGUGUGGGCUCCGUACUCCC,((((((((((.(.....(...(((((((((....)))))))..)).........)..).))))))))))
7ELS,dsRNA,GAGUAGAAGCGUUCAGCGGCCGAAAGGCCGCCCGGAAAUUGCUCCG,(((((....[.(((.((((((....))))))..])))..)))))()
7ELS,ssRNA,GAGUAGAAGCGUUCAGCGGCCGAAAGGCCGCCCGGAAAUUGCUCC,(((((....[.(((.((((((....))))))..])))..))))).
7UZ0,ssRNA,GCGGAAGUAGUUCAGUGGUAGAACACCUACUGGCCCGAAAGGGUGGAACCCCAGUAGGGGGUCGCGGGUUCGAGUCCCGUCUUCCGC,(((((((..((((....[..)))).(((((((((((....))).......)))))))).....(((((..]....))))))))))))
5O69,ssRNA,CCGGACGAGGUGCGCCGUACCCGGUCAGGACAAGACGGCGC,[[[[.......(((((((.(]]]]....).....)))))))
5O69,ssRNA,CCGGACGAGGUGCGCCGUACCCGGUCACGACAAGACGGCGC,[[[[.......(((((((.(]]]]....).....)))))))
1KOD,dsRNA,AGAAGGAGUGUACGGUUAGGUCGCU,((...((..(()).......)).))
4TS2,dsRNA,GACGCGACCGAAUGAAAUGGUGAAGGACGGGUCCAGCCGGCUGCGCAGCCGGCUUGUUGAGUAGAGUGUGAGCUCCGUAACUGGUCGCGUC,(((((((((..(.(..((((.(.....(...((((((((((((..)))))))).))..)).........)..).))))..)))))))))))
3P49,ssRNA,GGAUAUGAGGAGAGAUUUCAUCCAUUGCACUCCGGAUGAAACACCGAAGAAGUAAAUCUUUCAGGUAAAAAGGACUCAUAUUGGACGAACCUCUGGAGAGCUUAUCUAAGAGAUAACACCGAAGGAGCAAAGCUAAUUUUAGCCUAAACUCUCAGGUAAAAGGACGGAG,.((((((((....(.((.(((((..........))))).)))(((....(((.....)))...)))........))))))))........(((((.......((((.....))))..(((...((((....(((......))).....))).).))).......)))))
7V9E,ssRNA,CGGGCUGACCGACCCCCCGAGUUCGCUCGGGGACAACUAGACAUACAGUAUGAAAAUACUGAGCCCGC,(((((....((...(((((((....)))))))....)..).....((((((....)))))).))))).
8Q6N,ssRNA,GGAGUAGAAGCGUUCAGCGGCCGAAAGGCCGCCCGGAAAUUGCUCC,((((((....[.(((.((((((....))))))..])))..))))))
5NZ3,ssRNA,CCGGACGAGGUGCGCCGUACCCGGUCAGGACAAGACGGCGC,[[[[.......(((((((.(]]]]....).....)))))))
4W92,ssRNA,GCGCGCUUAAUCUGAAAUCAGAGCGGGGGACCCAUUGCACUCCGGGUUUUUCCCGUAGGGGUGAAUCCUUUUUAGGUAGGGCGAAAGCCCGAAUCCGUCAGCUAACCUCGUAAGCGCGC,(((((((...((((....))))((((((....(........................(((((....((......))..((((....))))..))))..).)....)))))).)))))))
4QK8,ssRNA,GGUUGCCGAAUCCGAAAGGUACGGAGGAACCGCUUUUUGGGGUUAAUCUGCAGUGAAGCUGCAGUAGGGAUACCUUCUGUCCCGCACCCGACAGCUAACUCCGGAGGCAAUAAAGGAAGGAG,...((((....((....))..(((((....(.....(.{((((....((((((.....))))))..(((((.[[[[[[)))))..)))).)}.)....)))))..)))).....]]]]]]..
2EEV,ssRNA,GGACAUACAAUCGCGUGGAUAUGGCACGCAAGUUUCUGCCGGGCACCGUAAAUGUCCGACUAUGUCC,((((((((..(.(((((.....[[))))).)[.....)]((((((]].....))))))..)))))))
7MLW,ssRNA,GGAUCGCUAGGGUUCCGGUCGUGCGGCGUUCGCGCCGCACGAUGCUGGUCCGAGAGCAAUCCGGUCUUGCCUUCGCCUCGUUCGCGAGGAAACGGCGAGGCUCCACGGAGGGAUAAAAGCCCGGGAGG,((((.((..((...((((((((((((((....))))))))))).).)).))....)).))))((..(((((.(..(((((....)))))..).)))))..)).(.[...(((.......))).)..].
2RU7,ssRNA,GGAGGAGGAGGA,............
3AGV,ssRNA,GGAGGUGCUCCGAAAGGAACUCCA,((((....(((....))).)))).
3AGV,ssRNA,GGAGGUGCUCCGAAAGGAACUCCA,..((....(((....))).))...
3G4M,ssRNA,GGACAUAUAAUCGCGUGGAUAUGGCACGCAAGUUUCUACCGGGCACCGUAAAUGUCCGACUAUGUCC,.(((((((..(.(((((.....[[))))).)[.....)]((((((]].....))))))..)))))).
4QKA,ssRNA,GGUUGCCGAAUCCGAAAGGUACGGAGGAACCGCUUUUUGGGGUUAAUCUGCAGUGAAGCUGCAGUAGGGAUACCUUCUGUCCCGCACCCGACAGCUAACUCCGGAGGCAAUAAAGGAAGGAG,...((((....((....))..(((((....(.....(.{((((....((((((.....))))))..(((((.[[[[[[)))))..)))).)}.)....)))))..)))).....]]]]]]..
2QBZ,ssRNA,GGGCUUCGUUAGGUGAGGCUCCUGUAUGGAGAUACGCUGCUGCCCAAAAAUGUCCAAAGACGCCAAUGGGUCAACAGAAAUCAUCGACAUAAGGUGAUUUUUAAUGCAGCUGGAUGCUUGUCCUAUGCCAUACAGUGCUAAAGCUCUACGAUUGAAGCCCA,((((((((([.(((..(((..((((((((......(((((((((((....((((....))))....))))).....(((((((((......])))))))))..).))))).(..........)....)))))))).)))...)))..))....))))))).
6XKO,ssRNA,GAGCAACUUAGGAUUUUAGGCUCCCCGGCGUGUCUCGAACCAUGCCGGGCCAAACCCAUAGGGCUGGCGGUCCCUGUGCGGUCGAAAUUCAUCCGCCGGAG,[[[[......((((((...]]]](((((((((........)))))))))....((((((((((........))))))).)))..))))))...........
6VUH,ssRNA,CUGGGUCGCAGUAACCCCAGUUAACAAAACAAG,(((((...[.[....))))).........]..]
7E9I,ssRNA,CUGGGUCGCAGUAACCCCAGUUAACAAAACAAG,(((((...[.[....))))).........]..]
2RSK,ssRNA,GGAGGAGGAGGA,............
3DIM,ssRNA,GGCCGACGGAGGCGCGCCCGAGAUGAGUAGGCUGUCCCAUCAGGGGAGGAAUCGGGGACGGCUGAAAGGCGAGGGCGCCGAAGGGUGCAGAGUUCCUCCCGCUCUGCAUGCCUGGGGGUAUGGGGAAUACCCAUACCACUGUCACGGAGGUCUCUCCGUGGAGAGCCGUCGGUC,(((((((((..(.((((((..(.......(((((((((..(..[[[[[[....))))))))))......)..)))))))..((((((((((((.]]]]]]))))))))).)))((.((((((((.....)))))))).)).((((((((....))))))))....)))))))))
6WTR,ssRNA,GGUUGCCGAAUCCUUUACUUGGUACGGAGGAACCGCUUUUUGGGGUUAAUCUGCAGUGAAGCUGCAGUAGGGAUACCUUCUGUCCCGCACCCGACAGCUAACUCCGGAGGCAAUAAAGGAAGGAG,...((((....((.......))..(((((....(.....(.{((((....((((((.....))))))..(((((.[[[[[[)))))..)))).)}.)....)))))..)))).....]]]]]]..
1ET4,ssRNA,GGAACCGGUGCGCAUAACCACCUCAGUGCGAGCAA,......[[[.{((....((]]]...).).}.))..
1NBK,ssRNA,GGGAGCUUGAUCCCGGAAACGGUCGAUCGCUCCC,((((((..(((((((....)))..))))))))))
4Y1J,dsRNA,AAAGGGGAGUAGCGUCGGGAAACCGAAACAAAGUCGUCUAUUCGUGAGGAAACUCACCGGCUUUGUUGACAUACGAAAGUAUGUUUAGCAAGACCUUUCCAAAGGGGAGUAGCGUCGGGAAACCGAAACAAAGUCGUCUAUUCGUGAGGAAACUCACCGGCUUUGUUGACAUACGAAAGUAUGUUUAGCAAGACCUUUCCGGGGGCUUCGUUAGGUGAGGCUCCUGUAUGGAGAUACGCUGCUGCCCAAAAAUGUCCAAAGACGCCAAUGGGUCAACAGAAAUCAUCGACAUAAGGUGAUUUUUAAUGCAGCUGGAUGCUUGUCCUAUGCCAUACAGUGCUAAAGCUCUACGAUUGAAGCCCA,(((((......((.((((....))))((((((((((.......(((((....)))))))))))))))(((((((....)))))))..))....)))))(.(((((......((.((((....))))((((((((((.......(((((....)))))))))))))))(((((((....)))))))..))....)))))[.)]((((((((([.(((..(((..((((((((......(((((((((((....((((....))))....))))).....(((((((((......])))))))))..).))))).((........))....)))))))).)))...)))..))....))))))).
3PDR,ssRNA,GGGCUUCGUUAGGUGAGGCUCCUGUAUGGAGAUACGCUGCUGCCCAAAAAUGUCCAAAGACGCCAAUGGGUCAACAGAAAUCAUCGACAUAAGGUGAUUUUUAAUGCAGCUGGAUGCUUGUCCUAUGCCAUACAGUGCUAAAGCUCUACGAUUGAAGCCCA,((((((((([.(((..(((..((((((((......(((((((((((.....(((....))).....))))).....(((((((((......])))))))))..).))))).((........))....)))))))).)))...)))..))....))))))).
4YB1,ssRNA,GGGCACGCACAGAGCAAACCAUUCGAAAGAGUGGGACGCAAAGCCUCCGGCCUAAACCAUUGCACCUCGGUAGGUAGCGGGGUUACCGAUG,...((((......((...((((((....))))))..[))...(((.(((((((...((..........)).)))).]))))))...)).))
6P2H,dsRNA,GGGUGUAAUCUCCAAAAUAUGGUUGGGGAGCCUCCACCAGUGAACCGUAAAAUCGCUGUCACCACCCAGG,((((((..(((((((.....[[)))))))......).((((((.]]......))))))...[)))))..]
6VWT,dsRNA,GGGAAGAUAUAAUCCUAAUGAUAUGGUUUGGGAGUUUCUACCAAGAGCCUUAAACUCUUGAUUAUCUUCCCA,((((((((((..((((((......[[.))))))[.....)]((((((]].....)))))).[)))))))))]
6VWT,ssRNA,GGGAAGAUAUAAUCCUAAUGAUAUGGUUUGGGAGUUUCUACCAAGAGCCUUAAACUCUUGAUUAUCUUCCC,((((((((((..((((((......[[.))))))[.....)]((((((]].....))))))..)))))))))
2XNZ,ssRNA,GGACAUAUAAUCGCGUGGAUAUGGCACGCAAGUUUCUACCGGGCACCGUAAAUGUCCGAUUAUGUC,.(((((((..(.(((((.....[[))))).)[.....)]((((((]].....))))))..))))))
3OX0,ssRNA,GGCUCUGGAGAGAACCGUUUAAUCGGUCGCCGAAGGAGCAAGCUCUGCGGAAACGCAGAGUGAAACUCUCAGGCAAAAGGACAGAGUC,(((((((....(.((((......)))))(((...((((...((((((((....))))))))....))).).))).......)))))))
4FEN,ssRNA,GGACAUAUAUACGCGUGGAUAUGGCACGCGAGUUUCUACCGGGCACCGUAAAUGUCCGACUAUGUCC,((((((((...((((((.....[[)))))).[.....)]((((((]].....))))))..)))))))
7ELR,dsRNA,GAGUAGAAGCGUUCAGCGGCCGAAAGGCCGCCCGGAAAUUGCUCCG,(((((....[.(((.((((((....))))))..])))..)))))()
7ELR,ssRNA,GAGUAGAAGCGUUCAGCGGCCGAAAGGCCGCCCGGAAAUUGCUCC,(((((....[.(((.((((((....))))))..])))..))))).
5VOF,ssRNA,GAGAGCCCCAGCGAGAUAAUACUUGGCCCCGCUCUU,((((((....(((((......))).))...))))))
4RZD,ssRNA,GAGCAACUUAGGAUUUUAGGCUCCCCGGCGUGUCUCGAACCAUGCCGGGCCAAACCCAUAGGGCUGGCGGUCCCUGUGCGGUCAAAAUUCAUCCGCCGGAG,[[[[......((((((...]]]](((((((((........)))))))))....((((((((((........))))))).)))..))))))...........
6N5T,ssRNA,GGUUGCCGAAUCCCCUAGAAAGGUACGGAGGAACCGCUUUUUGGGGUUAAUCUGCAGUGAAGCUGCAGUAGGGAUACCUUCUGUCCCGCACCCGACAGCUAACUCCGGAGGCAAUAAAGGAAGGAG,...((((....((........))..(((((....(.....(.{((((....((((((.....))))))..(((((.[[[[[[)))))..)))).)}.)....)))))..)))).....]]]]]]..
7KGA,dsRNA,GGGGGCCAGAUGUCAUGUCUCUCAAGCCUAGGAGACACUAGACACUCUGGACUAUCGGUUAGAGGAAACCCCCCCAAAAAUGUAUAGGCUGGGGGCCAGAUGUCAUGUCUCUCAAGCCUAGGAGACACUAGACACUCUGGACUAUCGGUUAGAGGAAACCCCCCCAAAAAUGUAUAGGCU,((((((((((((((((((((((...[[[[.))))))).).)))).)))))<((.<.{{{....)).{{{{)))))..........]]]].((((((((((((((((((((((...[[[[[))))))).).)))).)))))>((.>.}}}}...))..}}}))))).........]]]]].
5O62,ssRNA,CCGGACGAGGUGCGCCGUACCCGGUCAGGACAAGACGGCGC,[[[[.......(((((((.(]]]]....).....)))))))
5O62,ssRNA,CCGGACGAGGUGCGCCGUACCCGGUCAGGACAAGACGGCGC,[[[[.......(((((((..]]]]..........)))))))
7RWR,ssRNA,GGAUACACAAGAGUGAUUGAAACUAAGUCUGUGUAUCC,((((((((.(((...............)))))))))))
8HZE,dsRNA,GAAGAUUGUAAACAUGCCGAAAGGCAGACACUUCCG,((((..........((((....))))....))))()
8HZE,ssRNA,GAAGAUUGUAAACAUGCCGAAAGGCAGACACUUCC,((((..........((((....))))....)))).
8D2B,ssRNA,GGCGAUACCAGCCGAAAGGCCCUUGGCAGCGCC,((((...((.(((....)))....))...))))
8XZN,ssRNA,GGGUGUGUACCGUUCAACUCGUCCCAGCUUCGACUGGGACUACGGGAGCGCCU,((((((...((((.......((((((((...).))))))).))))..))))))
8UTA,ssRNA,GGACAAAGAUAAAAACACAACGUAUGGCGAAACACGUCAUACAGAUCCGGUAGGUAGUCCGGACAUAAACAGCGGUAUAAAGCGCUGUUUAUAAGUAACCUUCCUCCUUAGGUCGUCCAUUCUUUGUC,.((((((((.......{{...((((((((.....)))))))).(.(((((..[[.[}}))))))((((((((((........))))))))))...]...(..(((....)))..).]]..))))))))
6WLU,ssRNA,GGUCCGUUGAAGACUGCAGGAGAGUGGUUGUUAACCAGAUUUUAACAUCUGAGCCAAAUAACCCGCCGAAGAAGUAAAUCUUUCAGGUGCAUUAUUCUUAGCCAUAUAUUGGCAACGAAUAAGCGAGGACUGUAGUUGGAGGAACCUCUGGAGAGAACCGUUUAAUCGGUCGCCGAAGGAGCAAGCUCUGCGCAUAUGCAGAGUGAAACUCUCAGGCAAAAGGACAGAGGA,..(((......((((((((....(.(((((((...(((((......))))).....))))))))(((...((((.....))))..)))((.((((((.(.((((.....)))).).)))))))).....))))))))...))).((((((....(.((((......)))))(((...((((...((((((((....))))))))....))).).))).......)))))).
5FKG,ssRNA,GGCUUAUCAAGAGAGGGGGAGUGACUGGCGCGAAGACCCCCGGCAACCAGAAAUGGUGCCAAUUCCUGCAGCGGAAACGUUGAAAGAUGAGCCG,((((((((....(.(((...(((.[.[[)))......))))(((..(((....))).)))...(]].](((((....)))))..))))))))).
5DDO,ssRNA,CGUUGGCCCAGGAAACUGGGUGGAAGUAAGGUCCAUUGCACUCCGGGCCUGAAGCAACGCU,(((((((((((....)))))).......((((((..........))))))....)))))..
5DDO,ssRNA,CGUUGGCCCAGGAAACUGGGUGGAAGUAAGGUCCAUUGCACUCCGGGCCUGAAGCAACGCU,(((((((((((....))))))........(((((..........))))).....)))))..
7EOI,ssRNA,GGCGCACUGGCGCUGCGCCUUCGGGCGCCAAUCGUAGCGUGUCGGCGCC,(((((.(..((((((((((....))))).......)))))...))))))
7ZJ4,ssRNA,GGAUACGUCUACGCUCAGUGACGGACUCUCUUCGGAGAGUCUGACAUCCGAACCAUACACGGAUGUGCCUCGCCGAACAGUCUACGGCGAGCUUAAGCGCUGGGGACGCCCAACGCAUCACAAAGACUGAGUGAUGAACCAGAAGUAUGGACUGGUUGCGUUGGUGGAGACGGUCGGGUCCAGUUCGCUGUCGAGUAGAGUGUGGGCUCCAUCGACGCCGCUUUAAGGUCCCCAAUCGUGGCGUGUCGGCCUGCUUCGGCAGGCACUGGCGCCGGGACCUUGAAGAGAUGAGAUUUCGAUCUCAUCUUUGGGUGUCUCUGGUGCUUGAGGGCCCUGUGUUCGCACAGGGCCGCUCACUGGGUGUGGACGUAUCC,((((((((((((((((((((((((((((((....)))))))))(((((((..[[[[[[.)))))))(((((((((..[[[[[[.)))))))((((((((((((((((((((((((((((((..]]]]]].))))))((((((..]]]]]].))))))((((((((((((.....(....((((....)))..)..........)..))))))))))))))((((((((((((.......(((((...(((((((....)))))).)..)))))))))))))))))(((((((((....)))))))))))))))))))))))))))))))(((((((((....))))))))))))))))))))))))))))))))
3DIR,ssRNA,GGCCGACGGAGGCGCGCCCGAGAUGAGUAGGCUGUCCCAUCAGGGGAGGAAUCGGGGACGGCUGAAAGGCGAGGGCGCCGAAGGGUGCAGAGUUCCUCCCGCUCUGCAUGCCUGGGGGUAUGGGGAAUACCCAUACCACUGUCACGGAGGUCUCUCCGUGGAGAGCCGUCGGUC,(((((((((..(.((((((..(.......(((((((((..(..[[[[[[....))))))))))......)..)))))))..((((((((((((.]]]]]]))))))))).)))((.((((((((.....)))))))).)).((((((((....))))))))....)))))))))
3SKL,dsRNA,GGCUUAUACAGGGUAGCAUAAUGGGCUACUGACCCCGCCUUCAAACCUAUUUGGAGACUAUAAGUCG,(((((((((..((((((.....[[))))))[.....)](((((((]]..))))))).[))))))))]
3SKL,ssRNA,GGCUUAUACAGGGUAGCAUAAUGGGCUACUGACCCCGCCUUCAAACCUAUUUGGAGACUAUAAGUC,(((((((((..((((((.....[[))))))[.....)](((((((]]..)))))))..))))))))
3K1V,ssRNA,AGAGGUUCUAGCACAUCCCUCUAUAAAAAACUAA,(((((...[[[......)))))........]]].
7ELQ,dsRNA,GAGUAGAAGCGUUCAGCGGCCGAAAGGCCGCCCGGAAAUUGCUCCG,(((((....[.(((.((((((....))))))..])))..)))))()
7ELQ,ssRNA,GAGUAGAAGCGUUCAGCGGCCGAAAGGCCGCCCGGAAAUUGCUCC,(((((....[.(((.((((((....))))))..])))..))))).
8XZL,ssRNA,GGGUGUGUACCGUUCAACUCGUCCCAGCUUCGACUGGGACUACGGGAGCGCCU,((((((...((((.......((((((((...).))))))).))))..))))))
4EN5,ssRNA,GGGCGAUGAGGCCCGCCCAAACUGCCCUGAAAAGGGCUGAUGGCCUCUACUG,.[[[[..((((((]]]]......(((((....)))))....)))))).....
8XZM,ssRNA,GGGUGUGUACCGUUCAACUCGUCCCAGCUUCGACUGGGACUACGGGAGCGCCU,((((((...((((.......((((((((...).))))))).))))..))))))
4MEH,dsRNA,AGCGCCUGGACUUAAAGCCAUUGCACUGGCGGCUUUAAGUUGACGAGGGCAGGGUUAAACGAGACAUCGGCGAGUGCCCUGCGGUCUUCCUGCGACCGUUAGAGGACUGGUAAAACCACAGGCGACUGUGGCAUAGAGCAGUCCGGGCAGGAA,..((((.(((((((((((.............))))))))))..((....[[[[[[....))......)))))...]]]]]](((((..[[[[[))))).....((((((......((((((....)))))).......))))))..]]]]]..
6WLQ,ssRNA,GGUCAUGAGUGCCAGCGUCAAGCCCCGGCUUGCUGGCCGGCAACCCUCCAACCGCGGUGGGGUGCCCCGGGUGAUGACCAGGUUGAGUAGCCGUGACGGCUACGCGGCAAGCGCGGGUC,((((....(.((((((....((.[[[[[)).)))))))((((.((((((..{{{{)).))))))))]]]]]....))))..((((.(((((((...))))))).))))....}}}}...
2RRC,ssRNA,GGACCCACCACGGCGAGGUCCA,((((((.(....).).))))).
7EOM,dsRNA,GCGCACUGGCGCUGCGCCUUCGGGCGCCAAUCGUAGCGUGUCGGCGCCG,((((.(..((((((((((....))))).......)))))...)))))()
2B57,ssRNA,GACAUAUAAUCGCGUGGAUAUGGCACGCAAGUUUCUACCGGGCACCGUAAAUGUCCGAUUAUGUC,(((((((..(.(((((.....[[))))).)[.....)]((((((]].....))))))..))))))
5NY8,ssRNA,CCGGACGAGGUGCGCCGUACCCGGUCAGGACAAGACGGCGC,[[[[.......(((((((.(]]]]....).....)))))))
7EOL,dsRNA,GCGCACUGGCGCUGCGCCUUCGGGCGCCAAUCGUAGCGUGUCGGCGCCG,((((.(..((((.(((((....)))))........))))...)))))()
1AM0,ssRNA,GGGUUGGGAAGAAACUGUGGCACUUCGGUGCCAGCAACCC,.....(...........(..............).).....
3GOG,ssRNA,GGACAUGUAAUCGCGUGGAUAUGGCACGCAAGUUUCUACCGGGCACCGUAAAUGUCCGACCAUGUC,.(((((((..(.(((((.....[[))))).)[.....)]((((((]].....))))))..))))))
3UCU,dsRNA,GGUCACGCACAGGGCAAACCAUUCGAAAGAGUGGGACGCAAAGCCUCCGGCCUAAACCAUUGCACUCCGGUAGGUAGCGGGGUUACCGAUGGGG,...(.((......((...((((((....))))))..[))...(((.((((((((..((..........))))))).]))))))..[))...).]
1ULL,ssRNA,GGCUGGACUCGUACUUCGGUACUGGAGAAACAGCC,(((((..(((((((....))))..)))...)))))
6UFG,dsRNA,GGGCCUAUAGCUCAGGCGGUUAGAGCGCUUCGCUGAUAACGAAGAGGUCGGAGGUUCAAGUCCUCCUAGGCCCGCCAGGCAUCGAUCCGGCGAUCACCGGGGAGCCUUCGGAAGAACGGCCGGUUAGGCCCAGUAGAACCGAACGGGUUGGCCCGUCACAGCCUCAAGUCGAGCGGCCGCGCGAAAGCGUGGCAAGCGGGGUGGCACCGCGGCGUUCGCGCGAAAGCGUGGCGUCGUCCCCGC,(((((((..((((.....[...)))).(((((..{{{..))))).....(((((..]....))))))))))))[[[[(((......((((..}}}.))))...)))(((((......((((.....))))........)))))(((...[[[))).....]]].........{..(((((((....)))))))..((((((]]]]..}(((((((.(((((....))))))))))))))))))
6V9D,dsRNA,AUCGAGGGAGUGGUGAGGAUGAGGCGAUAUCGAGGGAGUGGUGAGGAUGAGGCGA,.((((........................))))......................
3TZR,dsRNA,CGAGGAACUACUGUCUUCCCGGUCGUGCAGCCUCGG,(((((.....(((((..((.))..).))))))))).
5C7W,ssRNA,GGAAUAUAAUCGCGUGGAUAUGGCACGCAAGUUUCUACCGGGCACCGUAAAUGUCCGACUAUUCC,(((((((..(.(((((.....[[))))).)[.....)]((((((]].....))))))..))))))
6DB8,ssRNA,GGAUGCGCCUUGAAAAGCCUGCGAAACACGCAGCUGGUGAAUGACAGCUAUGGCGCAUCC,(((((((((..(.....[).(((.....)))(((((......].)))))..)))))))))
7EOG,dsRNA,GCGCACUGGCGCUGCGCCUUCGGGCGCCAAUCGUAGCGUGUCGGCGCCG,((((.(..((((((((((....))))).......)))))...)))))()
2XO0,ssRNA,GGACAUAUAAUCGCGUGGAUAUGGCACGCAAGUUUCUACCGGGCACCGUAAAUGUCCGAUUAUGUC,..((((((..(.(((((.....[[))))).)[.....)]((((((]].....))))))..))))).
6N5P,ssRNA,GGUUGCCGAAUCCAUGUCGUUUGGUACGGAGGAACCGCUUUUUGGGGUUAAUCUGCAGUGAAGCUGCAGUAGGGAUACCUUCUGUCCCGCACCCGACAGCUAACUCCGGAGGCAAUAAAGGAAGGAG,...((((....(((.......)))..(((((....(.....(.{((((....((((((.....))))))..(((((.[[[[[[)))))..)))).)}.)....)))))..)))).....]]]]]]..
7EOH,ssRNA,GGCGCACUGGCGCUGCGCCUUCGGGCGCCAAUCGUAGCGUGUCGGCGCC,(((((.(..((((((((((....))))).......)))))...))))))
8D28,ssRNA,GGCGAUACCAGCCGAAAGGCCCUUGGCAGCGCC,((((...((.(((....)))....))...))))
3OXB,ssRNA,GGCUCUGGAGAGAACCGUUUAAUCGGUCGCCGAAGGAGCAAGCUCUGCGGAAACGCAGAGUGAAACUCCCAGGCAAAAGGACAGAGUC,((((.((....(.((((......)))))(((...((((...((((((((....))))))))....))).).))).......)).))))
3OXB,ssRNA,GGCUCUGGAGAGAACCGUUUAAUCGGUCGCCGAAGGAGCAAGCUCUGCGGAAACGCAGAGUGAAACUCCCAGGCAAAAGGACAGAGUC,(((((((....(.((((......)))))(((...((((...((((.(((....))).))))....))).).))).......)))))))
6E8U,ssRNA,GUACGAAGGAAGGUUUGGUAUGGGGUAGUUGUCGUAC,((((((....(..................).))))))
7EOO,dsRNA,GCGCACUGGCGCUGCGCCUUCGGGCGCCAAUCGUAGCGUGUCGGCGCCG,((((.(..((((((((((....))))).......)))))...)))))()
3B4B,dsRNA,GCGCCUGGACUUAAAGCCAUUGCACUCCGGCUUUAAGUUGACGAGAGCAGGGUUUAUCGAGACAUCGGCGGGUGCCCUGCGGUCUUCCUGCGACCGUUAGAGGACUGGUAAAACCACAGGCGACUGUGGCAUAGAGCAGUCCGGGCAGGAA,.((((.((((((.(((((..........))))).)))))..(((...[[[[[[...)))......)))))...]]]]]][[[[[.((((((]]]]].....((((((......((((((....)))))).......))))))..)))))).
6HBX,ssRNA,GGUGGGGACGACCCCACC,(((((((....)))))))
6UC7,ssRNA,GGACAUAUAAUCGCGUGGAUAUGGCACGCAAGUUUCUACCGGGCACCGUAAAUGUCCGACUAUGUCC,((((((((..(.(((((.....[[))))).)[.....)]((((((]].....))))))..)))))))
4XNR,dsRNA,GGGAAGAUAUAAUCCUAAUGAUAUGGUUUGGGAGUUUCUACCAAGAGCCUUAAACUCUUGAUUAUCUUCCCA,((((((((((..((((((......[[.))))))[.....)]((((((]].....)))))).[)))))))))]
6XKN,ssRNA,GAGCAACUUAGGAUUUUAGGCUCCCCGGCGUGUCUCGAACCAUGCCGGGCCGAACCCAUAGGGCUGGCGGUCCCUGUGCGGUCAAAAUUCAUCCGCCGGAG,[[[[......((((((...]]]](((((((((........))))))))).....(((((((((........))))))).))...))))))...........
3MUT,dsRNA,GGUCACGCACAGAGCAAACCAUUCGAAAGAGUGGGACGCAAAGCCUCCGGCCUAAACCAUUGCACUCCGGUAGGUAGCGGGGUUAUCGAUGGG,...(.((......((...((((((....))))))..[))...(((.((((((((..((..........))))))).]))))))..[))...)]
3VRS,ssRNA,GGGCGAUGAGGCCCGCCCAAACUGCCCUGAAAAGGGCUGAUGGCCUCUACUG,.[[[[..((((((]]]]......(((((....)))))....)))))).....
5VJB,dsRNA,GCGGGGACGACCCUGCGCGGGGACGACCCUGC,((((((.[[.))))))((((((.]].))))))
4FE5,ssRNA,GGACAUAUAAUCGCGUGGAUAUGGCACGCAAGUUUCUACCGGGCACCGUAAAUGUCCGACUAUGUCC,((((((((..(.(((((.....[[))))).)[.....)]((((((]].....))))))..)))))))
5FKH,ssRNA,GGCUUAUCAAGAGAGGGUGAGCGACUGGCGCGAAGACCCCCGGCAACCAGAAAUGGUGCCAAUUCCUGCAGCGGAAACGUUGAAAGAUGAGCCG,((((((((....(.(((...(((.[.[[)))......))))(((..(((....))).)))...(]].](((((....)))))..))))))))).
4JF2,ssRNA,GGAACCGCGAAAGCGGUUCCACGACGAUACUUAUUUCCUUUGAUCGUCGUUAUUACUGGCUUCGGCCACAAAGGAGA,((((((((....))))))))((((((((.......[[[[[..))))))))......((((....))))..]]]]]..
1KOC,dsRNA,AGAAGGAGCGUACAGGUAGGUCGCU,((...((..(..).......)).))
3SKZ,dsRNA,GGCCUUAUACAGGGUAGCAUAAUGGGCUACUGACCCCGCCUUCAAACCUAUUUGGAGACUAUAAGGUCG,((((((((((..((((((.....[[))))))[.....)](((((((]]..))))))).[)))))))))]
3SKZ,ssRNA,GGCCUUAUACAGGGUAGCAUAAUGGGCUACUGACCCCGCCUUCAAACCUAUUUGGAGACUAUAAGGUC,((((((((((..((((((.....[[))))))[.....)](((((((]]..)))))))..)))))))))
4ENC,ssRNA,GGGCGAUGAGGCCCGCCCAAACUGCCCUGAAAAGGGCUGAUGGCCUCUACUG,.[[[[..((((((]]]]......(((((....)))))....)))))).....
5BJO,ssRNA,GGCGCGAGGAAGGAGGUCUGAGGAGGUCACUGCGCC,(((((...(........).((.....))...)))))
5BJO,ssRNA,GGCGCGAGGAAGGAGGUCUGAGGAGGUCACUGCGCC,(((((...(........).(.......)...)))))
5LWJ,dsRNA,GGCAGCCAGAAGAGCACGUAUACGCAAGGCUGUCG,(((((((....[.((.{.....]))..)))))))}
4L81,ssRNA,GGAUCACGAGGGGGAGACCCCGGCAACCUGGGACGGACACCCAAGGUGCUCACACCGGAGACGGUGGAUCCGGCCCGAGAGGGCAACGAAGUCCGU,(((((....((((....))))(((..((((((.[[[[..))).))).)))..(((((....)))))))))).((((....)))).......]]]].
6VWV,dsRNA,GGGAAGAUAUAAUCCUAAUGAUAUGGUUUGGGAGUUUCUACCAAGAGCCUUAAACUCUUGAUUAUCUUCCCGGGAAGAUAUAAUCCUAAUGAUAUGGUUUGGGAGUUUCUACCAAGAGCCUUAAACUCUUGAUUAUCUUCCCAGGCUUAUACAGGGUAGCAUAAUGGGCUACUGACCCCGCCUUCAAACCUAUUUGGAGACUAUAAGUCGGGCUUAUACAGGGUAGCAUAAUGGGCUACUGACCCCGCCUUCAAACCUAUUUGGAGACUAUAAGUCGGGAAGAUACAAGGUGAGCCCAAUAAUAUGGUUUGGGUUAGGAUAGGAAGUAGAGCCUUAAACUCUCUAAGCGGUAUCUUCCC,.(((((((((..((((((....[.[[.))))))[.....)]((((((]][....)))))).{))))))))..(((((((((..((((((....].[[.))))))[.....)]((((((]]]....))))))..)))))))).}(((((((((..((((((.....[[))))))[.....)](((((((]]..))))))).[))))))))](((((((((..((((((.....[[))))))[.....)](((((..]]....)))))..))))))))((((((((((.......((((((......[[.))))))........(..(.((((]].....)))))....).))))))))))
6E1V,ssRNA,CUGGGUCGCAGUCCCCCCAGUUAACAAAACAAG,(((((...[.[....))))).........]..]
2N0J,ssRNA,GGCUGCUUGUCCUUUAAUGGUCCAGUC,(((((...(.((......)).))))))
3UCZ,dsRNA,GGUCACGCACAGGGCAAACCAUUCGAAAGAGUGGGACGCAAAGCCUCCGGCCUAAACCAUUGCACUCCGGUAGGUAGCGGGGUUACCGAUGGGG,...(.((......((...((((((....))))))..[))...(((.((((((((..((..........))))))).]))))))..[))...).]
7ELP,dsRNA,GAGUAGAAGCGUUCAGCGGCCGAAAGGCCGCCCGGAAAUUGCUCCG,(((((....[.(((.((((((....))))))..])))..)))))()
7ELP,ssRNA,GAGUAGAAGCGUUCAGCGGCCGAAAGGCCGCCCGGAAAUUGCUCC,(((((....[.(((.((((((....))))))..])))..))))).
6DLR,ssRNA,GGAAAGUGUGUCUAGGGUUCCGCGUGCUUCGGCACGGACUGGUCCAAGUGACACAGACGCAUUCGUGCGUUACACCGGAGGGAUAGAAGCCCAGGCGGGUAGGUUUC,.((((.((((((..((...((((((((....)))))..).)).))....))))))((((((....)))))).[.(((..(((.......))).].))).....))))
3MUV,ssRNA,GGUCACGCACAGAGCAAACCAUUCGAAAGAGUGGGACGCAAAGCCUCCGGCCUAAACCGAUUGCACUCCGGUAGGUAGCGGGGUUAUCGAUG,...((((......((...((((((....))))))..[))...(((.(((((((...((...........)).)))).]))))))...)).))
8XZR,ssRNA,GGGUGUGUACCGUUCAACUCGUCCCAGCUUCGACUGGGACUACGGGAGCGCCU,((((((...((((.......((((((((...).))))))).))))..))))))
5FKD,ssRNA,GGCUUAUCAAGAGAGGGAGAGCGACUGGCGCGAAGAUCCCCGGCAACCAGAAAUGGUGCCAAUUCCUGCAGCGGAAACGUUGAAAGAUGAGCCG,((((((((....(.(((...(((.[.[[)))......))))(((..(((....))).)))...(]].](((((....)))))..))))))))).
8UIW,ssRNA,GGACAAAGAUAAAAACACAACGUAUGGCGAAACACGUCAUACAGAUCCGGUAGGUAGUCCGGACAUAAACAGCGGUAUAAAGCGCUGUUUAUAAGUAACCUUCCUCCUUAGGUCGUCCAUUCUUUGUC,.((((((((.......{{...((((((((.....)))))))).(.(((((..[[.[}}))))))((((((((((........))))))))))...]...(..(((....)))..).]]..))))))))
8U60,ssRNA,GCGUACGAAGGAGAGGAGAGGAUGAGGAGAGUACGC,((((((........................))))))
8XZO,ssRNA,GGGUGUGUACCGUUCAACUCGUCCCAGCUUCGACUGGGACUACGGGAGCGCCU,((((((...((((.......((((((((...).))))))).))))..))))))
2PN9,dsRNA,GGAGCCUGGGAGCUCCCACGGUCCCAGACGUG,((((([[[[[.)))))((((..]]]]].))))
1FMN,ssRNA,GGCGUGUAGGAUAUGCUUCGGCAGAAGGACACGCC,(((((((......(((....))).....)))))))
4ERJ,ssRNA,GGACGGAGGCGCGCCCGAGAUGAGUAGGCUGUCCCAUCAGGGGAGGAAUCGGGGACGGCUGAAAGGCGAGGGCGCCGAAGCGAGCAGAGUUCCUCCCGCUCUGCUUGGCUGGGGGUGAGGGGAAUACCCUUACCACUGUCGCGAAAGCGGAGAGCCGUCCA,((((((..(.((((((..(.......(((((((((..(..[[[[[[....))))))))))......)..)))))))..((((((((((((.]]]]]]))))))))).)))((.(((.((((.....)))).))).))..(((....))).....)))))).
6SY6,ssRNA,GGCGGAGAAUGUUAUGGCCUUCGGGCAGAGAAAACCG,...((...........(((....)))........)).
6DMD,dsRNA,GGAAGUGUACCUAGGGAUCCACCUCGAGAGAGGAAGGACCAAGCGGUACAGGCCUACUUCGGUAGGUUACACCGUGGGGAUAAAAGACCCGUGGCAAGUUUCG,((((.((((((..((...((.((((....))))..)).))....))))))(((((((....))))))).[.(((((((.........)))))))....))))]
6DMD,ssRNA,GGAAGUGUACCUAGGGAUCCACCUCGAGAGAGGAAGGACCAAGCGGUACAGGCCUACUUCGGUAGGUUACACCGUGGGGAUAAAAGACCCGUGGCAAGUUUC,((((.((((((..((...((.((((....))))..)).))....))))))(((((((....)))))))...(((((((.........)))))))....))))
8EYU,ssRNA,GCGCCGGUUAGGCAGAGGUGGGUGGUGUGGAGGAGUAUCUGUCCGGCGC,((((((....((((((.........(..........)))))))))))))
8EYU,ssRNA,GCGCCGGUUAGGCAGAGGUGGGUGGUGUGGAGGAGUAUCUGUCCGGCGC,(((((((....(((((.........(..........)))))))))))))
6CK4,dsRNA,GUGAAAGUGUACCUAGGGUUCCAGCCUAUUUGUAGGUGUUCGGACCGAGCGGUACAGGUAUAUUUUUAUAUACCACACCUUAGGGACAAAAGCCCGAGAGGAUAGGUUUCACUCGUAGUGAAAGUGUACCUAGGGUUCCAGCCUAUUUGUAGGUGUUCGGACCGAGCGGUACAGGUAUAUUUUUAUAUACCACACCUUAGGGACAAAAGCCCGAGAGGAUAGGUUUCACUCGUAGUGAAAGUGUACCUAGGGUUCCAGCCUAUUUGUAGGUGUUCGGACCGAGCGGUACAGGUAUAUUUUUAUAUACCACACCUUAGGGACAAAAGCCCGAGAGGAUAGGUUUCACUCGUAGGGG,.(((((.((((((..((...(.((((((....)))))..)..).))....))))))((((..........)))).[.((((.(((.......)))..)))).....)))))(.....((((((.((((((..((...((((((((....)))))..).)).))....))))))(((((((....))))))).{.((((.(((.......)))..)))).....)))))).....((((((.((((((..((...(((((((((..))))))..).)).))....))))))(((((((....))))))).<.((((.(((.......)))..)))).....)))))).....)]}>
6CK4,ssRNA,GUGAAAGUGUACCUAGGGUUCCAGCCUAUUUGUAGGUGUUCGGACCGAGCGGUACAGGUAUAUUUUUAUAUACCACACCUUAGGGACAAAAGCCCGAGAGGAUAGGUUUCACUCGUA,..(((..((((((..((...((((((((....)))))..).)).))....))))))(((............)))...((((.(((.......)))..))))......))).......
5U3G,ssRNA,GGUGACUAGGGUUCCGGCGAAAGCCGGUCCGAGAGUUACCGACCGCCGAAAGGCGGUUACACGGCGGGAAAAAAGCCCGGGAGGA,((((((..((...(((((....))))).))....))))))(((((((....))))))).(.[...(((.......))).)..]..
2XNW,ssRNA,GGACAUAUAAUCGCGUGGAUAUGGCACGCAAGUUUCUACCGGGCACCGUAAAUGUCCGAUUAUGUC,..((((((..(.(((((.....[[))))).)[.....)]((((((]].....))))))..))))).
5NEO,ssRNA,GGUGGGGACGACCCCACC,(((((((....)))))))
8ITS,ssRNA,GGGAGUUAGACUCGCGAAAGCGAGGAACUGCGAAAGCAGUACUUCC,(((((.....(((((....)))))..(((((....))))).)))))
5SWE,dsRNA,GGGAAGAUAUAAUCCUAAUGAUAUGGUUUGGGAGUUUCUACCAAGAGCCUUAAACUCUUGAUUAUCUUCCCA,((((((((((..((((((......[[.))))))[.....)]((((((]].....)))))).[)))))))))]
6N5K,ssRNA,GGUUGCCGAAUCCAUGAUUUGGUACGGAGGAACCGCUUUUUGGGGUUAAUCUGCAGUGAAGCUGCAGUAGGGAUACCUUCUGUCCCGCACCCGACAGCUAACUCCGGAGGCAAUAAAGGAAGGAG,...((((....(((.....)))..(((((....(.....(.{((((....((((((.....))))))..(((((.[[[[[[)))))..)))).)}.)....)))))..)))).....]]]]]]..
3FO6,ssRNA,GGACAUAUAAUCGCGUGGAUAUGGCACGCAAGUUUCUACCGGGCACCGUAAAUGUCCGACUAUGUCC,((((((((..(.(((((.....[[))))).)[.....)]((((((]].....))))))..)))))))
3UD4,dsRNA,GGUCACGCACAGGGCAAACCAUUCGAAAGAGUGGGACGCAAAGCCUCCGGCCUAAACCAUUGCACUCCGGUAGGUAGCGGGGUUAUCGAUGGGA,...(.((......((...((((((....))))))..[))...(((.(((((((...((..........)).)))).]))))))..[))...).]
4JRC,ssRNA,GGAACCCUCUCUUCCGAAGCGAGCCGGGGGCGGUGGGAGCCCGGUGAAGACGGUUCC,((((((...(((((.....[..((((((..........]))))))))))).))))))
3OXD,ssRNA,GGCUCUGGAGAGAACCGUUUAAUCGGUCGCCGAACGAGCAAGCUCUGCGGAAACGCAGAGUGAAACUCUGAGGCAAAAGGACAGAGUC,(((((((....(.((((......)))))(((...((((...((((((((....))))))))....))).).))).......)))))))
2LUN,ssRNA,GGGCAGUGAUGCUUCGGCAUAUCAGCCC,((((.(..((((....))))..).))))
5LYV,ssRNA,GGGAUCUGUCACCCCAUUGAUCGCCUUCGGGCUGAUCUGGCUGGCUAGGCGGGUCCC,((((((((((.(((((..(((((((....))).)))))))..))...))))))))))
5NWQ,ssRNA,CCGGACGAGGUGCGCCGUACCCGGUCAGGACAAGACGGCGC,[[[[.......(((((((.(]]]]....).....)))))))
3MUR,dsRNA,GGUCACGCACAGGGCAAACCAUUCGAAAGAGUGGGACGCAAAGCCUCCGGCCUAAACCAUUGCACUCCGGUAGGUAGCGGGGUUAUCGAUGGG,...(.((......((...((((((....))))))..[))...(((.((((((((...(..........).))))).]))))))..[))...)]
1Y27,ssRNA,GGAUCAUAUAAUCGCGUGGAUAUGGCACGCAAGUUUCUACCGGGCACCGUAAAUGUCCGACUAUGGUC,.((((((((..(.(((((.....[[))))).)[.....)]((((((]].....))))))..)))))))
4RUM,ssRNA,GGGAACUGAGCAGGCAAUGACCAGAGCGGUCAUGCAGCCGGGCUGCGAAAGCGGCAACAGAUGAUUACACGCACAUCUGUGGGACAGUUCCCAC,((((((((..(.(((.((((((.....))))))...)))..(((((....))))).(((((((..........)))))))..).))))))))..
5KPY,ssRNA,GGACACUGAUGAUCGCGUGGAUAUGGCACGCAUUGAAUUGUUGGACACCGUAAAUGUCCUAACACGUGUCC,((((((......(.(((((.....[[))))))..(.......(((((]].....)))))...)..))))))
1Q8N,ssRNA,GGAUCCCGACUGGCGAGAGCCAGGUAACGAAUGGAUCC,((((((((.(((((....)))))....))...))))))
8DK7,ssRNA,GGCGAUACCAGCGAAACACGCCCUUGGCAGCGUC,((((...(..(((.....))).....)...))))
8DK7,ssRNA,GGCGAUACCAGCGAAACACGCCCUUGGCAGCGUC,...(...(..(((.....))).....)...)...
8EYV,ssRNA,GCGCCGGUUAGGCAGAGGUGGGUGGUGUGGAGGAGUAUCUGUCCGGCGC,(((((((....(((((.........(..........)))))))))))))
8EYV,ssRNA,GCGCCGGUUAGGCAGAGGUGGGUGGUGUGGAGGAGUAUCUGUCCGGCGC,((((((....((((((.........(..........)))))))))))))
6WTL,ssRNA,GGUUGCCGAAUCCAUAUGUGGUACGGAGGAACCGCUUUUUGGGGUUAAUCUGCAGUGAAGCUGCAGUAGGGAUACCUUCUGUCCCGCACCCGACAGCUAACUCCGGAGGCAAUAAAGGAAGGAG,...((((....(((....)))..(((((....(.....(.{((((....((((((.....))))))..(((((.[[[[[[)))))..)))).)}.)....)))))..)))).....]]]]]]..
3OXJ,ssRNA,GGCUCUGGAGAGAACCGUUUAAUCGGUCGCCGAAGGAGCAAGCUCUGCGGAAACGCAGAGUGAAACUCUCAGGCAAAAGGACAGAGUC,(((((((....(.((((......)))))(((...((((...((((((((....))))))))....))).).))).......)))))))
5DDP,ssRNA,CGUUGACCCAGGAAACUGGGCGGAAGUAAGGUCCAUUGCACUCCGGGCCUGAAGCAACGCG,(((((.(((((....)))))..[.....((((((..........))))))....)))))].
4Q9Q,ssRNA,GGACGCGACCGAAAUGGUGAAGGACGGGUCCAGUGCGAAACACGCACUGUUGAGUAGAGUGUGAGCUCCGUAACUGGUCGCGUC,.((((((((((..((((.(.....(...(((((((((.....)))))))..)).........)..).))))..).)))))))))
2KXM,ssRNA,GGCUGCUUGUCCUUUAAUGGUCCAGUC,(((((...(.((......)).))))))
3GER,ssRNA,GGACAUAUAAUCGCGUGGAUAUGGCACGCAAGUUUCUACCGGGCACCGUAAAUGUCCGACUAUGUCC,((((((((..(.(((((.....[[))))).)[.....)]((((((]].....))))))..)))))))
3Q3Z,ssRNA,GCGCGGAAACAAUGAUGAAUGGGUUUAAAUUGGGCACUUGACUCAUUUUGAGUUAGUAGUGCAACCGACCGUGCU,((((((..((......(((((((((.....{[[[[[[[.)))))))))...))....]]]]]}.]]..)))))).
1Y26,dsRNA,CGCUUCAUAUAAUCCUAAUGAUAUGGUUUGGGAGUUUCUACCAAGAGCCUUAAACUCUUGAUUAUGAAGUGA,((((((((((..((((((......[[.))))))[.....)]((((((]].....)))))).[)))))))))]
3DIG,ssRNA,GGCCGACGGAGGCGCGCCCGAGAUGAGUAGGCUGUCCCAUCAGGGGAGGAAUCGGGGACGGCUGAAAGGCGAGGGCGCCGAAGGGUGCAGAGUUCCUCCCGCUCUGCAUGCCUGGGGGUAUGGGGAAUACCCAUACCACUGUCACGGAGGUCUCUCCGUGGAGAGCCGUCGGUC,(((((((((..(.((((((..(.......(((((((((..(..[[[[[[....))))))))))......)..)))))))..((((((((((((.]]]]]]))))))))).)))((.((((((((.....)))))))).)).((((((((....))))))))....)))))))))
8SA3,dsRNA,GGUUAAAGCCUUAUGGUCGCUACCAUUGCACUCCGGUAGCGUUAAAAGGGAAGACGGGUGAGAAUCCCGCGCAGCCCCCGCUACUGUGAGGGAGGACGAAGCCCUAGUAAGCCACUGCCGAAAGGUGGGAAGGCAGGGUGGAGGAUGAGUCCCGAGCCAGGAGACCUGCCAUAAGGUUUUAGAAGUUCGCCUUCGGGGGGAAGGUGAACAGGUUAAAGCCUUAUGGUCGCUACCAUUGCACUCCGGUAGCGUUAAAAGGGAAGACGGGUGAGAAUCCCGCGCAGCCCCCGCUACUGUGAGGGAGGACGAAGCCCUAGUAAGCCACUGCCGAAAGGUGGGAAGGCAGGGUGGAGGAUGAGUCCCGAGCCAGGAGACCUGCCAUAAGGUUUUAGAAGUUCGCCUUCGGGGGGAAGGUGAACA,...(((((.(((((((((((((.....(....)...))))).....((....(.((((.......)))))[[((......)).(((...((((..........(......(((.(((((....)))))...))).).............))))..]]))).....)))))))))).)))))...((((((((.......{.))))))))....(((((.((((((((((.((..............)).)).....((....(.((((.......)))))[[((..}...)).(((...((((..........(......(((.(((((....)))))...))).).............))))..]]))).....)))))))))).)))))...(.(((((...........))))).).
2VAZ,ssRNA,GGGCGAAUUCGAGCUCGGUACCCAACGUCGCGUAAAUUGUUUAACACUUUGCGUAACGUACACUGGGAUCGCUGAAUUAGAGAUCGGCGUCCUUUCAUUCUAUAUACUAAGGAGGUUAAAAUGUCUCUAA,..................................................................................................................................
6UP0,ssRNA,GCUACGAAGGAAGGAUUGGUAUGUGGUAUAUUCGUAGC,((((((((......................))))))))
7SHX,ssRNA,GGACCCAUAACCCACCUAGACCCUAGCUUCGGCUAGAGGGUCAACGCGAAAGCGAGGCCGGGUGGGCGGGUACGUCCGCCCUGGGGAGGGGUCC,((((((...((((.(...((((((((((..))))..))))))..(((....)))..)..))))(((((((....))))))).......))))))
2MXS,ssRNA,GGCUGCUUGUCCUUUAAUGGUCCAGUC,(((((...(.((......)).))))))
6N5S,ssRNA,GGUUGCCGAAUCCAAAGUUGGUACGGAGGAACCGCUUUUUGGGGUUAAUCUGCAGUGAAGCUGCAGUAGGGAUACCUUCUGUCCCGCACCCGACAGCUAACUCCGGAGGCAAUAAAGGAAGGA,...((((....(((....)))..(((((....(.....(.{((((....((((((.....))))))..(((((.[[[[[[)))))..)))).)}.)....)))))..)))).....]]]]]].
6POM,dsRNA,GUUGCAGUGAGAGAAAGAAGUACUUGCGUUACCUCAUGAAAGCGACCUUAGGGCGGUGUAAGCUAAGGAUGAGCACGCAACGAAAGGCAUUCUUGAGCAAUUUUAAAAAAGAGGCUGGGAUUUUGUUCUCAGCAACUAGGGUGGAACCGCGGGAGAACUCUCGUCCCUAGCGGAAGUAGUUCAGUGGUAGAACACCACCUUGCCAAGGUGGGGGUCGCGGGUUCGAAUCCCGUCUUCCGCUCCA,.((((.....(((((........(((((....(((((.....[..((((((..........])))))))))))..))))).....[[[.)))))..)))).............(((((((......)))))))....[.[[((((...((((((....))))))]].].(((((((..((((....{..)))).(((((..]]]..))))).....(((((..}....))))))))))))))))
6K84,ssRNA,GGAGGAGGAGGAAGGAGGAGGAGGA,.........................
3SKI,dsRNA,GGCCUUAUACAGGGUAGCAUAAUGGGCUACUGACCCCGCCUUCAAACCUAUUUGGAGACUAUAAGGUCG,((((((((((..((((((.....[[))))))[.....)](((((((]]..))))))).[)))))))))]
3SKI,ssRNA,GGCCUUAUACAGGGUAGCAUAAUGGGCUACUGACCCCGCCUUCAAACCUAUUUGGAGACUAUAAGGUC,((((((((((..((((((.....[[))))))[.....)](((((((]]..)))))))..)))))))))
1XWU,ssRNA,CGAAACAUAGAUUCGA,((((.(...).)))).
6C64,ssRNA,GCGUACGAAGGAGAGGAGAGGAAGAGGAGAGUACGC,((((((........................))))))
6C64,ssRNA,GUACGAAGGAGAGGAGAGGAAGAGGAGAGUAC,..((........................))..
4TZX,dsRNA,GGGAAGAUAUAAUCCUAAUGAUAUGGUUUGGGAGUUUCUACCAAGAGCCUUAAACUCUUGAUUAUCUUCCCA,((((((((((..((((((......[[.))))))[.....)]((((((]].....)))))).[)))))))))]
5VOE,ssRNA,GAGAGCCCCAGCGAGAUAAUACUUGGCCCCGCUCUU,((((((....(((((......))).))...))))))
5SWD,dsRNA,GGGAAGAUAUAAUCCUAAUGAUAUGGUUUGGGAGUUUCUACCAAGAGCCUUAAACUCUUGAUUAUCUUCCCA,......(((...((((((......[[.))))))((.{..))((((((]].....))))))}[)))......]
5SWD,ssRNA,GGGAAGAUAUAAUCCUAAUGAUAUGGUUUGGGAGUUUCUACCAAGAGCCUUAAACUCUUGAUUAUCUUCCC,...((((((...((((((......[[.))))))((.{..))((((((]].....))))))}.))))))...
3DJ0,ssRNA,GGCCGACGGAGGCGCGCCCGAGAUGAGUAGGCUGUCCCAUCAGGGGAGGAAUCGGGGACGGCUGAAAGGCGAGGGCGCCGAAGGGUGCAGAGUUCCUCCCGCUCUGCAUGCCUGGGGGUAUGGGGAAUACCCAUACCACUGUCACGGAGGUCUCUCCGUGGAGAGCCGUCGGUC,(((((((((..(.((((((..(.......(((((((((..(..[[[[[[....))))))))))......)..)))))))..((((((((((((.]]]]]]))))))))).)))((.((((((((.....)))))))).)).((((((((....))))))))....)))))))))
6SY4,ssRNA,GGCCGGAGAAUGUUAUGGCGCGAAAGCGCAGAGAAAACCGG,...(((...........((((....))))........))).
8SA5,dsRNA,GGUUAAAGCCUUAUGGUCGCUACCAUUGCACUCCGGUAGCGUUAAAAGGGAAGACGGGUGAGAAUCCCGCGCAGCCCCCGCUACUGUGAGGGAGGACGAAGCCCUAGUAAGCCACUGCCGAAAGGUGGGAAGGCAGGGUGGAGGAUGAGUCCCGAGCCAGGAGACCUGCCAUAAGGUUUUAGAAGUUCGCCUUCGGGGGGAAGGUGAACAGGUUAAAGCCUUAUGGUCGCUACCAUUGCACUCCGGUAGCGUUAAAAGGGAAGACGGGUGAGAAUCCCGCGCAGCCCCCGCUACUGUGAGGGAGGACGAAGCCCUAGUAAGCCACUGCCGAAAGGUGGGAAGGCAGGGUGGAGGAUGAGUCCCGAGCCAGGAGACCUGCCAUAAGGUUUUAGAAGUUCGCCUUCGGGGGGAAGGUGAACA,..(((((.((((((((((.((((............)))).).....((....(.((((.......))))){{(([[.[[[)).(((...((((...(.............(((.(((((....)))))...)))........)......))))..}}))).....))))))))))).)))))..((((((((([..[[.[)))))))))...((((((((((((((..............................((....(.((((.......))))){{((].]].])).(((...(..............................................................)..}}))).....)).))))))))))))))..(((((((((]].]].]))))))))).
4YAZ,ssRNA,GGUACACGACAAUACUAAACCAUCCGCGAGGAUGGGGCGGAAAGCCUAAGGGUCUCCCUGAGACAGCCGGGCUGCCGAAAUAUC,((((..((......((...((((((....))))))..[))...((((..(((((((...))))).]))))))...))...))))
6WZR,ssRNA,UAUCAGUUAUAUGACUGACGGAACGUGGAAUUAACCACAUGAAGUAUAACGAUGACAAUGCCGACCGUCUGGGCG,.....(((((((..(.[[[[[...((((......))))..)..))))))).........(((..]]]]]..))).
6WZR,ssRNA,UAUCAGUUAUAUGACUGACGGAACGUGGAAUUAACCACAUGAAGUAUAACGAUGACAAUGCCGACCGUCUGGGCG,........((((..(.[[[[[...((((......))))..)..))))............(((..]]]]]..))).
3DIX,ssRNA,GGCCGACGGAGGCGCGCCCGAGAUGAGUAGGCUGUCCCAUCAGGGGAGGAAUCGGGGACGGCUGAAAGGCGAGGGCGCCGAAGGGUGCAGAGUUCCUCCCGCUCUGCAUGCCUGGGGGUAUGGGGAAUACCCAUACCACUGUCACGGAGGUCUCUCCGUGGAGAGCCGUCGGUC,(((((((((..(.((((((..(.......(((((((((..(..[[[[[[....))))))))))......)..)))))))..((((((((((((.]]]]]]))))))))).)))((.((((((((.....)))))))).)).((((((((....))))))))....)))))))))
4ENB,ssRNA,GGGCGAUGAGGCCCGCCCAAACUGCCCUGAAAAGGGCUGAUGGCCUCUACUG,.[[[[..((((((]]]]......(((((....)))))....)))))).....
5D5L,ssRNA,GGAAGGCCGAAAGGUCUUCCACGACGAUACUUAUUUCCUUUGAUCGUCGUUAUUACUGGCUUCGGCCACAAAGGAGA,((((((((....))))))))((((((((.......[[[[[..))))))))......((((....))))..]]]]]..
8F0N,ssRNA,GCGCCGGUUAGGCAGUGGUGGGUGGUGUGGAGGAGUAGCUGUCCGGCGC,((((((....((((((.........(..........)))))))))))))
8F0N,ssRNA,GCGCCGGUUAGGCAGUGGUGGGUGGUGUGGAGGAGUAGCUGUCCGGCGC,(((((((....(((((.........(..........)))))))))))))
7KVU,ssRNA,GGGAAGAUACAAGGUGAGCCCAAUAAUAUGGUUUGGGUUAGGAUAGGAAGUAGAGCCUUAAACUCUCUAAGCGGUAUCUUCCC,((((((((((.......((((((......[[.))))))........(..(.((((]].....)))))....).))))))))))
3IRW,ssRNA,GGUCACGCACAGGGCAAACCAUUCGAAAGAGUGGGACGCAAAGCCUCCGGCCUAAACCGAUUGCACUCCGGUAGGUAGCGGGGUUACCGAUG,...((((......((...((((((....))))))..[))...(((.(((((((...((...........)).)))).]))))))...)).))
2G9C,ssRNA,GGACAUAUAAUCGCGUGGAUAUGGCACGCAAGUUUCUACCGGGCACCGUAAAUGUCCGAUUAUGUCC,((((((((..(.(((((.....[[))))).)[.....)]((((((]].....))))))..)))))))
3DIO,ssRNA,GGCCGACGGAGGCGCGCCCGAGAUGAGUAGGCUGUCCCAUCAGGGGAGGAAUCGGGGACGGCUGAAAGGCGAGGGCGCCGAAGGGUGCAGAGUUCCUCCCGCUCUGCAUGCCUGGGGGUAUGGGGAAUACCCAUACCACUGUCACGGAGGUCUCUCCGUGGAGAGCCGUCGGUC,(((((((((..(.((((((..(.......(((((((((..(..[[[[[[....))))))))))......)..)))))))..((((((((((((.]]]]]]))))))))).)))((.((((((((.....)))))))).)).((((((((....))))))))....)))))))))
8HZL,ssRNA,GGAAGAUUGUAAACAGCGAGAUUGUAAACAGCGAGAUUGUAAACAUGCCGAAAGGCAGACACUCGCGACACUCGCGACACUUUC,(((((..........(((((..........(((((..........((((....))))....)))))....)))))....)))))
3OXE,ssRNA,GGCUCUGGAGAGAACCGUUUAAUCGGUCGCCGAAGGAGCAAGCUCUGCGGAAACGCAGAGUGAAACUCUCAGGCAAAAGGACAGAGUC,(((((((....(.((((......)))))(((...((((...((((((((....))))))))....))).).))).......)))))))
2MIY,ssRNA,GCUUGGUGCUUAGCUUCUUUCACCAAGCAUAUUACACGCGGAUAACCGCCAAAGGAGAA,((((((((.....[[[[[[.)))))))).........((((....))))..]]]]]]..
7UQ6,ssRNA,GCGGAAGUAGUUCAGUGGUAGAACACCGGGUGGAACCCCAGGAAACUGGCCCGGGUCGCGCGGGUUCGAGUCCCGUCUUCCGCUCC,(((((((..((((....[..)))).(((((.......((((....))))))))).....(((((..]....))))))))))))...
7MSF,ssRNA,UCGCCAACAGGCGG,.((((....)))).
7MSF,ssRNA,UCGCCAACAGGCG,..(((....))).
6E84,ssRNA,GGCGCGAGGAAGGAGGUCUGAGGAGGUCACUGCGCC,((.((...(........).((.....))...)).))
6UC8,ssRNA,GGACAUAUAAUCGCGUGGAUAUGGCACGCAAGUUUCUACCGGGCACCGUAAAUGUCCGACUAUGUCC,((((((((..(.(((((.....[[))))).)[.....)]((((((]].....))))))..)))))))
3SKR,dsRNA,GGCUUAUACAGGGUAGCAUAAUGGGCUACUGACCCCGCCUUCAAACCUAUUUGGAGACUAUAAGUCG,(((((((((..((((((.....[[))))))[.....)](((((((]]..))))))).[))))))))]
3SKR,ssRNA,GGCUUAUACAGGGUAGCAUAAUGGGCUACUGACCCCGCCUUCAAACCUAUUUGGAGACUAUAAGUC,(((((((((..((((((.....[[))))))[.....)](((((((]]..)))))))..))))))))
3D0X,ssRNA,GGACGGAGGCGCGCCCGAGAUGAGUAGGCUGUCCCAUCAGGGGAGGAAUCGGGGACGGCUGAAAGGCGAGGGCGCCGAAGCGAGCAGAGUUCCUCCCGCUCUGCUUGGCUGGGGGUGAGGGGAAUACCCUUACCACUGUCGCGAAAGCGGAGAGCCGUCCA,((((((..(.((((((..(.......(((((((((..(..[[[[[[....))))))))))......)..)))))))..((((((((((((.]]]]]]))))))))).)))((.(((.((((.....)))).))).)).((((....))))....)))))).
5FKE,ssRNA,GGCUUAUCAAGAGAGGGUGAGCGACUGGCGCGAAGAGCCCCGGCAACCAGAAAUGGUGCCAAUUCCUGCAGCGGAAACGUUGAAAGAUGAGCCG,((((((((....(.((((..(((.[.[[))).....)))))(((..(((....))).)))...(]].](((((....)))))..))))))))).
6UFM,dsRNA,GGGCCUAUAGCUCAGGCGGUUAGAGCGCUUCGCUGAUAACGAAGAGGUCGGAGGUUCGAGUCCUCCUAGGCCCACCAGGCGACGAUCCGGCCAUCACCGGGGAGCCUUCGGAAGAACGGCGCCGCCGGAAACGGCGGCGCUCAGUAGAACCGAACGGGUGAGCCCGUCACAGCUC,(((((((..((((.....{...)))).(((((..[[[..))))).....(((((..}....))))))))))))....(((......((((..]]].))))...)))(((((......((((((((((....))))))))))........)))))[[[..((((]]].....))))
6N5Q,ssRNA,GGUUGCCGAAUCCACCUAGAAAUGGUACGGAGGAACCGCUUUUUGGGGUUAAUCUGCAGUGAAGCUGCAGUAGGGAUACCUUCUGUCCCGCACCCGACAGCUAACUCCGGAGGCAAUAAAGGAAGGAG,...((((....(((........)))..(((((....(.....(.{((((....((((((.....))))))..(((((.[[[[[[)))))..)))).)}.)....)))))..)))).....]]]]]]..
2KZL,ssRNA,GGGAGUAAAGAUUGAGACAAGUAGGACUUCGGUCCGAAUACACUCAUGAACUCCC,((((((......((((.......((((....)))).......))))...))))))
3V7E,ssRNA,GGCUUAUCAAGAGAGGUGGAGGGACUGGCCCGAUGAAACCCGGCAACCACUAGUCUAGCGUCAGCUUCGGCUGACGCUAGGCUAGUGGUGCCAAUUCCUGCAGCGGAAACGUUGAAAGAUGAGCCA,((((((((....(.(((...(((.[.[[)))......))))(((..(((((((((((((((((((....))))))))))))))))))).)))...(]].](((((....)))))..))))))))).
3V7E,ssRNA,GGCUUAUCAAGAGAGGUGGAGGGACUGGCCCGAUGAAACCCGGCAACCACUAGUCUAGCGUCAGCUUCGGCUGACGCUAGGCUAGUGGUGCCAAUUCCUGCAGCGGAAACGUUGAAAGAUGAGCCA,((((((((....(.(((...(((.[.[[)))......))))(((..(((((((((((((((((.(....).))))))))))))))))).)))...(]].](((((....)))))..))))))))).
3DIY,ssRNA,GGCCGACGGAGGCGCGCCCGAGAUGAGUAGGCUGUCCCAUCAGGGGAGGAAUCGGGGACGGCUGAAAGGCGAGGGCGCCGAAGGGUGCAGAGUUCCUCCCGCUCUGCAUGCCUGGGGGUAUGGGGAAUACCCAUACCACUGUCACGGAGGUCUCUCCGUGGAGAGCCGUCGGUC,(((((((((..(.((((((..(.......(((((((((..(..[[[[[[....))))))))))......)..)))))))..((((((((((((.]]]]]]))))))))).)))((.((((((((.....)))))))).)).((((((((....))))))))....)))))))))
6PMO,dsRNA,GCGGAAGUAGUUCAGUGGUAGAACACCACCUUGCCAAGGUGGGGGUCGCGGGUUCGAAUCCCGUCUUCCGCUCCAGAAAGUGGGUGCGCGUUUGGCGCAUCAACUCGGGUGGAACCGCGGGAGCUACGCUCUCGUCCCGAG,(((((((..((((....[..)))).(((((.......))))).....(((((..]....))))))))))))[[[[.......(.(((((.....))))).)..((((((]]]]...((((((((...))))))))))))))
5NDH,dsRNA,GCGGGGACGACCCCGCGCGGGGACGACCCCGC,((((((.[[.))))))((((((.]].))))))
5NDH,dsRNA,GCGGGGACGACCCCGCGCGGGGACGACCCCGC,((((((.{{.))))))((((((.}}.))))))
1XWP,ssRNA,GGAGAUCGCACUCCA,((((......)))).
6E8T,ssRNA,GUACGAAGGAAGGUUUGGUAUGUGGUAUAUUCGUAC,(((((((......................)))))))
8EYW,ssRNA,GCGCCGGUUAGGCAGAGGUGGGUGGUGUGGAGGAGUAUCUGUCCGGCGC,((((((....((((((.........(..........)))))))))))))
8EYW,ssRNA,GCGCCGGUUAGGCAGAGGUGGGUGGUGUGGAGGAGUAUCUGUCCGGCGC,(.(((((....(((((.........(..........))))))))))).)
6E1W,ssRNA,CUGGGUCGCAGUCCCCCAGUUAACAAAACAAG,(((((...[.[...))))).........]..]
3SKT,dsRNA,GGCUUAUACAGGGUAGCAUAAUGGGCUACUGACCCCGCCUUCAAACCUAUUUGGAGACUAUAAGUCG,(((((((((..((((((.....[[))))))[.....)](((((((]]..))))))).[))))))))]
3SKT,ssRNA,GGCUUAUACAGGGUAGCAUAAUGGGCUACUGACCCCGCCUUCAAACCUAUUUGGAGACUAUAAGUC,(((((((((..((((((.....[[))))))[.....)](((((((]]..)))))))..))))))))
6OD9,ssRNA,UAUCAGUUAUAUGACUGACGGAACGUGGAAUUAACCACAUGAAGUAUAACGAUGACAAUGCCGACCGUCUGGGCG,.....(((((((..(.[[[[[...((((......))))..)..))))))).........(((..]]]]]..))).
6OD9,ssRNA,UAUCAGUUAUAUGACUGACGGAACGUGGAAUUAACCACAUGAAGUAUAACGAUGACAAUGCCGACCGUCUGGGCG,.......(((((..(.[[[[[...((((......))))..)..)))))..........((((..]]]]]..))))
6WLK,ssRNA,GGCGAUAUGGCAUGGAAUCAGCUCAAGGAACUGUGAACGUAUAUCGGGCAACGACUAGGAAACUAGUCGUUGGGAAGAAACUGCCGAUAUACGGGAGUUCCUUGAGCGGGAGAUUCCAUGCCUAAGUCGC,.(((((.((((((((((((.((((((((((((.....((((((((((.((((((((((....))))))))))...........))))))))))..))))))))))))....)))))))))))..))))))
7ZJ5,ssRNA,GGAUACGUCUACGCUCAGUGACGGACUCUCUUCGGAGAGUCUGACAUCCGAACCAUACACGGAUGUGCCUCGCCGAACAGUCUACGGCGAGCUUAAGCGCUGGGGACGCCCAACGCAUCACAAAGACUGAGUGAUGAACCAGAAGUAUGGACUGGUUGCGUUGGUGGAGACGGUCGGGUCCAGUUCGCUGUCGAGUAGAGUGUGGGCUCCAUCGACGCCGCUUUAAGGUCCCCAAUCGUGGCGUGUCGGCCUGCUUCGGCAGGCACUGGCGCCGGGACCUUGAAGAGAUGAGAUUUCGAUCUCAUCUUUGGGUGUCUCUGGUGCUUGAGGGCCCUGUGUUCGCACAGGGCCGCUCACUGGGUGUGGACGUAUCC,((((((((((((((((((((((((((((((....)))))))))(((((((..[[[[[[.)))))))(((((((((..[[[[[[.)))))))((((((((((((((((((((((((((((((..]]]]]].))))))((((((..]]]]]].))))))((((((((((((.(...(...(((((....)))..)).........)).))))))))))))))((((((((((((.......(((((...(((((((....)))))).)..)))))))))))))))))(((((((........)))))))))))))))))))))))))))))(((((((((....))))))))))))))))))))))))))))))))
5FK6,ssRNA,GGCUUAUCAAGAGAGGGAGAGCGACUGGCGCGAAGACCCCCGGCAACCAGAAAUGGUGCCAAUUCCUGCAGCGGAAACGUUGAAAGAUGAGCCA,((((((((....(.(((...(((.[.[[)))......))))(((..(((....))).)))...(]].](((((....)))))..))))))))).
5NZD,ssRNA,CCGGACGAGGUGCGCCGUACCCGGUCAGGACAAGACGGCGC,[[[[.......(((((((.(]]]]....).....)))))))
3SLQ,dsRNA,GGCCUUAUACAGGGUAGCAUAAUGGGCUACUGACCCCGCCUUCAAACCUAUUUGGAGACUAUAAGGUCG,((((((((((..((((((.....[[))))))[.....)](((((((]]..))))))).[)))))))))]
3SLQ,ssRNA,GGCCUUAUACAGGGUAGCAUAAUGGGCUACUGACCCCGCCUUCAAACCUAUUUGGAGACUAUAAGGUC,((((((((((..((((((.....[[))))))[.....)](((((((]]..)))))))..)))))))))
3MXH,dsRNA,GGUCACGCACAGGGCAAACCAUUCGAAAGAGUGGGACGCAAAGCCUCCGGCCUAAACCAUUGCACUCCGGUAGGUAGCGGGGUUACCGAUGGG,...(.((......((...((((((....))))))..[))...(((.((((((((..((..........))))))).]))))))..[))...)]
6HBT,ssRNA,GGUGGGGACGACCCCACC,(((((((....)))))))
6CC1,ssRNA,GAAAGGGGAGUAGCGUCGGGAAACCGAAACAAAGUCGUCAUUACGUGAGGAAACUCACCGGCUUUGUUGACAUACGAAAGUAUGUUUAGCAAGACCUUUCC,.....(......((.((((....))))(((.(((.((.......(((((....))))))).))).))).((((((....))))))...))....)......
6CC1,dsRNA,GAAAGGGGAGUAGCGUCGGGAAACCGAAACAAAGUCGUCAUUACGUGAGGAAACUCACCGGCUUUGUUGACAUACGAAAGUAUGUUUAGCAAGACCUUUCCGG,.(((((......((.((((....))))(((((((.((.......(((((....))))))).)))))))(((((((....)))))))..))....)))))(..)
6N5N,ssRNA,GGUUGCCGAAUCCGAUGCUCGGUACGGAGGAACCGCUUUUUGGGGUUAAUCUGCAGUGAAGCUGCAGUAGGGAUACCUUCUGUCCCGCACCCGACAGCUAACUCCGGAGGCAAUAAAGGAAGGAG,...((((....(((.....)))..(((((....(.....(.{((((....((((((.....))))))..(((((.[[[[[[)))))..)))).)}.)....)))))..)))).....]]]]]]..
7L0Z,ssRNA,GGGAGUACGGUGAGGGUCGGGUCCAGUAGGUACGCCUACUGUUGAGUAGAGUGUGGGCUCCGUACUCCC,((((((((((.(.....(...(((((((((....)))))))..)).........)..).))))))))))
8D5L,ssRNA,GGCGAUACCAGCCGAAAGGCCCUUGGCAGCGCC,((((...((.(((....)))....))...))))
4KZD,ssRNA,GGACGCGACCGAAAUGGUGAAGGACGGGUCCAGUGCGAAACACGCACUGUUGAGUAGAGUGUGAGCUCCGUAACUGGUCGCGUC,.((((((((((..((((.(.....(...(((((((((.....)))))))..)).........)..).))))..).)))))))))
3EGZ,ssRNA,GAGGGAGAGGUGAAGAAUACGACCACCUAGGUACCAUUGCACUCCGGUACCUAAAACAUACCCUC,(((((...((((...........))))((((((((..........)))))))).......)))))
8YAN,ssRNA,CUGGGUCGCAGUCCCCCAGUUAACAAAACAAG,(((((...[.[...))))).........]..]
8TVZ,ssRNA,GGAAUCUCGCCCGAUGUUCGCAUCGGGAUUUGCAGGUCCAUGGAUUACACCAUGCAACGCAGACCUGUAGAUGCCACGCUAGCCGUGGUGAGGGUCGGGUCCAGAUGUCAUUCGACUUUAACGCGCCUAAGCGUUGAAGGCGUGUUAGAGCAGAUAGUUCGCUAUCUGGGGAGCCUGUUCGCAGGCUCAGGAGCCUUCGGGCUCCUAGCGCUAUUACCCCGGACACCACCGGGCAGACAAGUAAUGGUGCUCCUCGAAUGACUUCUGUUGAGUAGAGUGUGGGCUCCGCGGCUAGUGUGCACCUUAGCGGUGAAUGUCUGACACCGUUAAGGUGGUUACUCUUCGGAGUAACGCCGAGAUUCC,((((((((((((((((....)))))))((((.(((((((((((......)))))[[[[[[.)))))).))))((((((((((((((((.(.....(...((((((.((((((((((((((((.(((((..]]]]]].))))).)))))))(((((((....)))))))(((((((((....)))))))(((((((....)))))))((((((((((((((((......)))))[[[[[[.)))))))))))))))))))))).))))..)).........)..).))))))))))))))(((((((((((((..]]]]]].)))))))))))))(((((((....))))))))))))))))))
7EOP,dsRNA,GCGCACUGGCGCUGCGCCUUCGGGCGCCAAUCGUAGCGUGUCGGCGCCG,((((.(..((((((((((....))))).......)))))...)))))()
7OAW,dsRNA,GGCUAGCUGGAGGGGCGCCAGUUCGCUGGUGGUUGGGUGCGGUCGGCUAGCCGGCUAGCUGGAGGGGCGCCAGUUCGCUGGUGGUUGGGUGCGGUCGGCUAGCCGGCUAGCUGGAGGGGCGCCAGUUCGCUGGUGGUUGGGUGCGGUCGGCUAGCCGGG,.(((((((.(....(((((((....)))))........))...))))))))(.(((((((.(....(((((((....)))))........))...))))))))[.(((((((.(....(((((((....)))))........))...)))))))){)]}
7OAW,ssRNA,GGCUAGCUGGAGGGGCGCCAGUUCGCUGGUGGUUGGGUGCGGUCGGCUAGCC,.(((((((.(....(((((((....)))))........))...)))))))).
7E9E,ssRNA,CUGGGUCGCAGUCCCCCCAGUUAACAAAACAAG,(((((...[.[....))))).........]..]
5C7U,ssRNA,GGACAUAUAAUCGCGUGGAUAUGGCACGCAAGUUUCUACCGGGCACCGUAAAUGUCCGACUAUGUCC,((((((((..(.(((((.....[[))))).)[.....)]((((((]].....))))))..)))))))
5LYU,ssRNA,GGGGAUCUGUCACCCCAUUGAUCGCCUUCGGGCUGAUCUGGCUGGCUAGGCGGGUCCC,.((((((((((.(((((..(((((((....))).)))))))..))...))))))))))
3OXM,ssRNA,GGCUCUGGAGAGAACCGUUUAAUCGGUCGCCGAAGGAGCAAGCUCUGCGGAAACGCAGAGUGAAACUCUCAGGCAAAAGGACAGAGUC,(((((((....(.((((......)))))(((...((((...((((((((....))))))))....))).).))).......)))))))
7U0Y,ssRNA,GGUACCUACCAAUCGUAGCGUGUCGACCAGCUGCGAAACACGCAGCUGGCACUGGCGCUGUAGGUAC,.((((((((.......(((((...(.(((((((((.....)))))))))..)..)))))))))))))
2EEU,ssRNA,GGACAUAAAAUCGCGUGGAUAUGGCACGCAAGUUUCUUCCGGGCACCGUAAAUGUCCGACUAUGUCC,((((((((..(.(((((.....[[))))).)[.....)]((((((]].....))))))..)))))))
8YAM,ssRNA,CUGGGUCGCAGUCCCCCAGUUAACAAAACAAG,(((((...[.[...))))).........]..]
4ENA,ssRNA,GGGCGAUGAGGCCCGCCCAAACUGCCCUGAAAAGGGCUGAUGGCCUCUACUG,.[[[[..((((((]]]]......(((((....)))))....)))))).....
5MSF,ssRNA,CCGGAGGAUCACCACGGG,(((..((....)).))).
5MSF,ssRNA,CCGGAGGAUCACCACGG,.((..((....)).)).
8XZW,ssRNA,GGGUGUGUACCGUUCAACUCGUCCCAGCUUCGACUGGGACUACGGGAGCGCCU,((((((...((((.......((((((((...).))))))).))))..))))))
4Y1M,dsRNA,GAUUUGGGGAGUAGCCGAUUUCCGAAAGGAAAUGUACGUGUCAACAUUUUCGUUGAAAAACGUGGCACGUACGGACUGAAGAAAUUCAGUCAGGCGAGACCAUAUCCGAUUUGGGGAGUAGCCGAUUUCCGAAAGGAAAUGUACGUGUCAACAUUUUCGUUGAAAAACGUGGCACGUACGGACUGAAGAAAUUCAGUCAGGCGAGACCAUAUCCGGGGACAUAUAAUCGCGUGGAUAUGGCACGCAAGCUUCUACCGGGCACCGUAAAUGUCCGACUAUGUCC,(((.(((......(((.((((((....))))))((((((((((.......((((....)))))))))))))).(((((((....))))))).)))....))).)))(((..(((......(((..................(.(((((((.......(((......)))))))))).).....................)))....)))..))[)]((((((((..(.(((((.....[[))))).)[.....)]((((((]].....))))))..)))))))
2AU4,ssRNA,GGGACGAAGUGGUUGGGCGCUUCGGCGUGUGAAAACGUCCC,((((((.......(..((((....))))....)..))))))
8U5Z,ssRNA,GCGUACGAAGGUGAGGAGAGGCGAGGAAGAGUACGC,((((((........................))))))
1NTA,dsRNA,GGAUCGCAUUUGGACUUCUGCCCGGCACCACGGUCGGAUC,.((((.(.....(((..(((((.))))....)))))))))
4FEP,ssRNA,GGACAUAUAUACGCGUGGAUAUGGCACGCGAGUUUCUACCGGGCACCGUAAAUGUCCGAUUAUGUCC,((((((((...((((((.....[[)))))).[.....)]((((((]].....))))))..)))))))
7EON,dsRNA,GCGCACUGGCGCUGCGCCUUCGGGCGCCAAUCGUAGCGUGUCGGCGCCG,((((.(..((((((((((....))))).......)))))...)))))()
6DLS,ssRNA,GGAAAGUGUGUCUAGGGUUCCGCGUGCUUCGGCACGGACUGGUCCAAGUGACACAGACGCAUUCGUGCGUUACACCGGAGGGAUAGAAGCCCAGGCGGGUAGGUUUC,.((((.((((((..((...((((((((....)))))..).)).))....))))))((((((....)))))).[.(((..(((.......))).].))).....))))
3OWI,ssRNA,GGCUCUGGAGAGAACCGUUUAAUCGGUCGCCGAAGGAGCAAGCUCUGCGGAAACGCAGAGUGAAACUCUCAGGCAAAAGGACAGAGUC,(((((((....(.((((......)))))(((...((((...((((((((....))))))))....))).).))).......)))))))
4MEG,dsRNA,AGCGCCUGGACUUAAAGCCAUUGCACUGGCGGCUUUAAGUUGACGAGGGCAGGGUUAAACGAGACAUCGGCGAGUGCCCUGCGGUCUUCCUGCGACCGUUAGAGGACUGGUAAAACCACAGGCGACUGUGGCAUAGAGCAGUCCGGGCAGGAA,..((((.((((((((((...............)))))))))..((....[[[[[[....))......)))))...]]]]]][[[[[.((((((]]]]].....((((((......((((((....)))))).......))))))..)))))).
8HZD,ssRNA,GGAAGAUUGUAAACAUGCCGAAAGGCAGACACUUCC,(((((..........((((....))))....)))))
3GAO,ssRNA,GGACAUAUAAUCGCGUGGAUAUGGCACGCAAGUUUCUACCGGGCACCGUAAAUGUCCGACUAUGUCC,((((((((..(.(((((.....[[))))).)[.....)]((((((]].....))))))..)))))))
7SZU,ssRNA,GGUACCUACCAAUCGUAGCGUGUCGACCAGCUGCGAAACACGCAGCUGGCACUGGCGCUGUAGGUAC,.((((((((........((((...(.(((((((((.....)))))))))..)..)))).))))))))
8HZJ,dsRNA,GAAGAUUGUAAACAUGCCGAAAGGCAGACACUUCCG,((((..........((((....))))....))))()
8HZJ,ssRNA,GAAGAUUGUAAACAUGCCGAAAGGCAGACACUUCC,((((..........((((....))))....)))).
4QLN,ssRNA,GGAUCGCUGAACCCGAAAGGGGCGGGGGACCCAGAAAUGGGGCGAAUCUCUUCCGAAAGGAAGAGUAGGGUUACUCCUUCGACCCGAGCCCGUCAGCUAACCUCGCAAGCGUCCGAAGGAGAAUC,....((((...(((....)))((((((....(......(((((....(((((((....)))))))..(((((.[[[[[[[)))))..))))..).)....)))))).))))...]]]]]]]....
5NEX,ssRNA,GGUGGGGACGACCCCACC,(((((((....)))))))
4M4O,ssRNA,GGGUUCAUCAGGGCUAAAGAGUGCAGAGUUACUUAGUUCACUGCAGACUUGACGAACCC,((((((.(((((.((.......((((.(.(.[..)]..).)))))).))))).))))))
6WLJ,ssRNA,GGCGAUAUGGCAUGGAAUCAGCUCAAGGAACUGUGAACGUAUAUCGGGCAACGACUAGGAAACUAGUCGUUGGGAAGAAACUGCCGAUAUACGGGAGUUCCUUGAGCGGGAGAUUCCAUGCCUAAGUCGC,.(((((.((((((((((((.((((((((((((.....((((((((((.((((((((((....))))))))))..(......).))))))))))..))))))))))))....)))))))))))..))))))
3AHU,ssRNA,AGAGAG,......
7EOK,dsRNA,GCGCACUGGCGCUGCGCCUUCGGGCGCCAAUCGUAGCGUGUCGGCGCCG,((((.(..((((((((((....))))).......)))))...)))))()
5BJP,ssRNA,GGCGCGAGGAAGGAGGUCUGAGGAGGUCACUGCGCC,(((((...(........).(.......)...)))))
5BJP,ssRNA,GGCGCGAGGAAGGAGGUCUGAGGAGGUCACUGCGCC,(((((...(........).((.....))...)))))
