,PDB,Type,Sequence,2D
0,8GXC,dsRNA,GGAGCGUUACGUCCGAAAGUCGCAUUGCACUCCGCGACACGGCUCUUUAAAAACAAAAGGAGGAGCGUUACGUCCGAAAGUCGCAUUGCACUCCGCGACACGGCUCUUUAAAAACAAAAGGA,((((((...[[[[[....(((((..........))))).).)))))............]]]((((((...]][[[....(((((..........))))).).)))))............]]]
1,9BUN,ssRNA,GGACUCGGAAACGUGAAGGAGAGGCGCAAGGUUAACCGCCUCAGUCCA,(((((((....))([...[)((((((]........]))))))))))).
2,3DIL,ssRNA,GGCCGACGGAGGCGCGCCCGAGAUGAGUAGGCUGUCCCAUCAGGGGAGGAAUCGGGGACGGCUGAAAGGCGAGGGCGCCGAAGGGUGCAGAGUUCCUCCCGCUCUGCAUGCCUGGGGGUAUGGGGAAUACCCAUACCACUGUCACGGAGGUCUCUCCGUGGAGAGCCGUCGGUC,(((((((((..(.((((((..(.......(((((((((..(..[[[[[[....))))))))))......)..)))))))..((((((((((((.]]]]]]))))))))).)))((.((((((((.....)))))))).)).((((((((....))))))))....)))))))))
3,8FZA,ssRNA,UUGGGUUCCCUCACCCCAAUCAUAAAAAGG,.((((...[[[...)))).........]]]
4,4Y1I,dsRNA,AAAGGGGAGUAGCGUCGGGAAACCGAAACAAAGUCGUCAAUUCGUGAGGAAACUCACCGGCUUUGUUGACAUACGAAAGUAUGUUUAGCAAGACCUUUCCAAAGGGGAGUAGCGUCGGGAAACCGAAACAAAGUCGUCAAUUCGUGAGGAAACUCACCGGCUUUGUUGACAUACGAAAGUAUGUUUAGCAAGACCUUUCCGGGCGUACGAAGGAGAGGAGAGGAAGAGGAGAGUACGC,(((((......((.((((....))))((((((((((.......(((((....)))))))))))))))(((((((....)))))))..))....)))))(.(((((......((.((((....))))((((((((((.......(((((....)))))))))))))))(((((((....)))))))..))....)))))[.)]((((((........................))))))
5,6C63,ssRNA,GCGUACGAAGGAGAGGAGAGGAAGAGGAGAGUACGC,((((((........................))))))
6,6C63,ssRNA,GUACGAAGGAGAGGAGAGGAAGAGGAGAGUAC,..((........................))..
7,6UFH,dsRNA,GGGCCUAUAGCUCAGGCGGUUAGAGCGCUUCGCUGAUAACGAAGAGGUCGGAGGUUCAAGUCCUCCUAGGCCCGCCAGGCAUCGAUCCGGCGAUCACCGGGGAGCCUUCGGAAGAACGGCCGGAAACGGCCCAGUAGAACCGAACGGGUUGGCCCGUCACAGCCUCAAGUCGAGCGGCCGCGCGAAAGCGUGGCAAGCGGGGUGGCACCGCGGCGUUCGCGCGAAAGCGUGGCGUCGUCCCCGC,(((((((..((((.....[...)))).(((((..{{{..))))).....(((((..]....))))))))))))[[[[.((......((((..}}}.))))...)).(((((......(((((....)))))........))))).[[...(((]]......)))............(((((((....)))))))..((((((]]]]...(((((((.(((((....))))))))))))))))))
8,484D,ssRNA,GGUGUCUUGGAGUGCUGAUCGGACACC,(((((((..((.......)))))))))
9,2RN1,dsRNA,GAGCCCUGGGAGGCUCGCUGGUCCCAGACAGC,((((([[[[[[)))))((((.]]]]]].))))
10,8D29,ssRNA,GGCGAUACCAGCGAAACACGCCCUUGGCAGCGUC,((((.(.((((((.....)))...))).).))))
12,7EOJ,ssRNA,GGCGCACUGGCGCUGCGCCUUCGGGCGCCAAUCGUAGCGUGUCGGCGCC,(((((.(..((((((((((....))))).......)))))...))))))
13,5DO4,ssRNA,GGGAACAAAGCUGAAGUACUUACCC,(((....((((....)..))).)))
14,5BTP,ssRNA,UAUCAGUUAUAUGACUGACGGAACGUGGAAUUAACCACAUGAAGUAUAACGAUGACAAUGCCGACCGUCUGGGCG,......(.((((..(.[[[[[...((((......))))..)..)))).)..........(((..]]]]]..))).
16,4R8I,ssRNA,GCACGUCCCUCACCGGUGCAAGUGAAGCCGUGGCUCUGCG,((([...((....(((.....].....))).))...))).
17,3DS7,dsRNA,GGACAUACAAUCGCGUGGAUAUGGCACGCAAGAUCCCGCCGGGCACCGUAAAUGUCCGACUAUGUCCGGACAUACAAUCGCGUGGAUAUGGCACGCAAGAUCCCGCCGGGCACCGUAAAUGUCCGACUAUGUCCGGGGAGCGUUACGUCCGAAAGUCGCAUUGCACUCCGCGACACGGCUCUUUAAAAACAAAAGGAGGAGCGUUACGUCCGAAAGUCGCAUUGCACUCCGCGACACGGCUCUUUAAAAACAAAAGGAGGCUUAUCAAGAGAGGGGGAGUGACUGGCGCGAAGAACCCCGGCAACCAGAAAUGGUGCCAAUUCCUGCAGCGGAAACGUUGAAAGAUGAGCCGA,((((((((..(.(((((.....[[))))).)[.....)]((((((]].....)))))).[)))))))((((((((..(.(((((.....[[))))).)[.....)]((((((]].....)))))).{)))))))]}((((((...[[[[[....(((((..........))))).).)))))............]]]((((((...]][[[....(((((..........))))).).)))))............]]]((((((((....(.(((...(((.[.[[)))......))))(((..(((....))).)))...(]].](((((....)))))..)))))))))..
18,2B63,ssRNA,CAGCACUGAUUGCGGUCGAGGUAGCUUGAUG,..(((.....))).((((((....)))))).
19,4FEO,ssRNA,GGACAUAUAAACGCGUGGAUAUGGCACGCGAGUUUCUACCGGGCACCGUAAAUGUCCGAUUAUGUCC,((((((((...((((((.....[[)))))).[.....)]((((((]].....))))))..)))))))
20,5NOM,ssRNA,GGUGGGGACGACCCCACC,(((((((....)))))))
21,3GES,ssRNA,GGACAUAUAAUCGCGUGGAUAUGGCACGCAAGUUUCUACCGGGCACCGUAAAUGUCCGAUUAUGUCC,((((((((..(.(((((.....[[))))).)[.....)]((((((]].....))))))..)))))))
22,3Q51,ssRNA,CUGGGUCGCAGUAACCCCAGUUAACAAAACAAG,(((((...[.[....))))).........]..]
23,3UD3,dsRNA,GGUCACGCACAGGGCAAACCAUUCGAAAGAGUGGGACGCAAAGCCUCCGGCCUAAACCAUUGCACUCCGGUAGGUAGCGGGGUUAUCGAUGGGA,...(.((......((...((((((....))))))..[))...(((.((((((((..((..........))))))).]))))))..[))...).]
24,5DDR,ssRNA,CGUUGACCCAGGAAACUGGGCGGAAGUAAGGUCCAUUGCACUCCGGGCCUGAAGCAACGCG,(((((.(((((....)))))..[.....((((((..........))))))....)))))].
25,6E1T,ssRNA,CUGGGUCGCAGUCCCCCCAGUUAACAAAACAAG,(((((...[.[....))))).........]..]
26,4FEL,ssRNA,GGACAUAUAAACGCGUGGAUAUGGCACGCGAGUUUCUACCGGGCACCGUAAAUGUCCGACUAUGUCC,((((((((...((((((.....[[)))))).[.....)]((((((]].....))))))..)))))))
28,4XW7,ssRNA,GGGUCGUGACUGGCGAACAGGUGGGAAACCACCGGGGAGCGACCCUUGCCGCCCGCCUGGGCAA,(((((((..((........(((((....))))).))..)))))))(((((.........)))))
29,5VJ9,dsRNA,GCGGGGACGACCCUGCGCGGGGACGACCCUGC,((((((.[[.))))))((((((.]].))))))
30,1EXD,ssRNA,GGGGUAUCGCCAAGCGGUAAGGCACCGGAUUCUGAUUCCGGAGGUCGAGGUUCGAAUCCUCGUACCCCAGCCA,((((((..(((.....[...))).(((((.......)))))....(((((..]....))))))))))).....
31,6E8S,ssRNA,GCUACGAAGGAAGGAUUGGUAUGUGGUAUAUUCGUAGC,((((((((......................))))))))
32,8HZF,dsRNA,GAAGAUUGUAAACAUGCCGAAAGGCAGACACUUCCG,((((..........((((....))))....))))()
33,8HZF,ssRNA,GAAGAUUGUAAACAUGCCGAAAGGCAGACACUUCC,((((..........((((....))))....)))).
34,3IVN,ssRNA,GGCCAGUAUAACCUCAAUGAUAUGGUUUGAGGGUGUCUACCAGGAACCGUAAAAUCCUGACUACUGGUC,(((((((((..((((((......[[.))))))[.{...)](((((.]]......))))).}))))))))
35,5FKF,ssRNA,GGCUUAUCAAGAGAGGGCGAGCGACUGGCGCGAAGAUCCCCGGCAACCAGAAAUGGUGCCAAUUCCUGCAGCGGAAACGUUGAAAGAUGAGCCG,((((((((......(((...(((.[.[[)))......))).(((..(((....))).)))...(]].](((((....)))))..))))))))).
37,6V9B,dsRNA,AUCGAGGGAGUGGUGAGGAUGAGGCGAUAUCGAGGGAGUGGUGAGGAUGAGGCGA,.((((........................))))......................
38,3B4A,dsRNA,AAGCGCCUGGACUUAAAGCCAUUGCACUCCGGCUUUAAGUUGACGAGAGCAGGGUUUAUCGAGACAUCGGCGGGUGCCCUGCGGUCUUCCUGCGACCGUUAGAGGACUGGUAAAACCACAGGCGACUGUGGCAUAGAGCAGUCCGGGCAGGAA,...((((.(((((((((((............))))))))))..(((...[[[[[[...)))......)))))...]]]]]][[[[[.((((((]]]]].....((((((......((((((....)))))).......))))))..)))))).
39,5FK3,ssRNA,GGCUUAUCAAGAGAGGGCGAGCGACUGGCGCGAAGACCCCCGGCAACCAGAAAUGGUGCCAAUUCCUGCAGCGGAAACGUUGAAAGAUGAGCCG,((((((((....(.(((...(((.[.[[)))......))))(((..(((....))).)))...(]].](((((....)))))..))))))))).
40,3B4C,dsRNA,GCGCCUGGACUUAAAGCCAUUGCACUCCGGCUUUAAGUUGACGAGGGCAGGGUUUAUCGAGACAUCGGCGGGUGCCCUGCGGUCUUCCUGCGACCGUUAGAGGACUGGUAAAACCACAGGCGACUGUGGCAUAGAGCAGUCCGGGCAGGAA,.((((.((((((((((((..........)))))))))))..(((...[[[[[[...)))......)))))...]]]]]][[[[...(((((.]]]].....((((((......((((((....)))))).......))))))..)))))..
41,6QN3,dsRNA,CGUUCACCCUUCGGGGCGCAUGAAAUGGGAGUAGGGAACGGGAUUCUCAUCGUUCACCCUUCGGGGCGCAUGAAAUGGGAGUAGGGAACGGGAUUCUCAU,[[[[[.(((....)))..{.....((((((((...[[[[[{.))))))))]]]]].(((....)))..}.....((((((((...]]]]]}.))))))))
42,8XZQ,ssRNA,GGGUGUGUACCGUUCAACUCGUCCCAGCUUCGACUGGGACUACGGGAGCGCCU,((((((...((((.......((((((((...).))))))).))))..))))))
43,7OAX,dsRNA,GGCUAGCUGGAGGGGCGCCAGUUCGCUGGUGGUUGGGUGCGGUCGGCUAGCCG,.(((((((.(....(((((((....)))))........))...))))))))()
44,7OAX,ssRNA,GGCUAGCUGGAGGGGCGCCAGUUCGCUGGUGGUUGGGUGCGGUCGGCUAGCC,.(((((((.(....(((((((....)))))........))...)))))))).
47,4QK9,ssRNA,GCGCUGAAUUCCCUGAAGGGAAACGGGGGACCCAAUCUUCAGGGGUGAAUCCCACGUAAGUGGGUAGGGCUAGUCUCUUUCGGCCCGAACCCGUCAGCUAACCUCGUAAGCGUGGAAAGAGGG,.((((...(((((....)))))((((((....(........(((((....(((((....)))))..(((((...[[[[[[[)))))..))))..).)....)))))).))))..]]]]]]]..
48,6E82,ssRNA,GGCGCGAGGAAGGUGGUCUGAGGAGGUCACUGCGCC,(((((...(........).............)))))
50,3FO4,ssRNA,GGACAUAUAAUCGCGUGGAUAUGGCACGCAAGUUUCUACCGGGCACCGUAAAUGUCCGAUUAUGU,..((((((..(.(((((.....[[))))).)[.....)]((((((]].....))))))..)))))
51,7KVT,ssRNA,GGGAAGAUACAAGGUGAGCCCAAUAAUAUGGUUUGGGUUAGGAUAGGAAGUAGAGCCUUAAACUCUCUAAGCGGUAUCUUCCC,((((((((((.......((((((.......[.))))))........(..(.((((]......)))))....).))))))))))
52,4TS0,dsRNA,GACGCGACCGAAUGAAAUGGUGAAGGACGGGUCCAGCCGGCUGCGCAGCCGGCUUGUUGAGUAGAGUGUGAGCUCCGUAACUGGUCGCGUC,(((((((((..(.(..((((.(.....(...((((((((((((())))))))).))..)).........)..).))))..)))))))))))
53,4LCK,dsRNA,GAGUAGUUCAGUGGUAGAACACCACCUUGCCAAGGUGGGGGUCGCGGGUUCGAAUCCCGUCUCGGGCGAAAGCCCGGGUGCGAUGAGAAGAAGAGUAUUAAGGAUUUACUAUGAUUAGCGACUCUAGGAUAGUGAAAGCUAGAGGAUAGUAACCUUAAGAAGGCACUUCGAGCACCC,(((..((((....{..)))).(((((..[[[..))))).....(((((..}....))))))))((((....))))((((((.....((((.......((((((..(((((((......[..((((((..........])))))).)))))))))))))...]]].))))..))))))
55,1RAW,ssRNA,GGGAAGGGAAGAAACUGCGGCUUCGGCCGGCUUCCC,((((((...........((((....)))).))))))
56,2JLT,dsRNA,GGUCGGUCCCAGACGACCGGAGCCUGGGAGCUCC,(((((.[[[[[[.)))))(((((]]]]]])))))
57,6CF2,ssRNA,GGCUGGACUCGUACUUCGGUACUGGAGAAACAGCC,(((((..(((((((....))))..)))...)))))
58,5DUN,ssRNA,UUUUUAAUGAAGCCACAGGCUGUGAGGGUCCUAAGCCCCUAAUUCAGAAGGGAA,.((....(((({{(((((.))))).(((.[[[..}})))...))))..]]].))
60,6DNR,ssRNA,GGAAAGUGUGUCUAGGGUUCCGCGUGCUUCGGCACGGACUGGUCCAAGUGACACAGACGCAUUCGUGCGUUACACCGGAGGGAUAGAAGCCCAGGCGGGUAGGUUUC,.((((.((((((..((...((((((((....)))))..).)).))....))))))((((((....)))))).[.(((..(((.......))).].))).....))))
63,6UBU,ssRNA,GGACAUAUAAUCGCGUGGAUAUGGCACGCAAGUUUCUACCGGGCACCGUAAAUGUCCGACUAUGUCC,((((((((..(.(((((.....[[))))).)[.....)]((((((]].....))))))..)))))))
66,2EET,ssRNA,GGACAUGUAAUCGCGUGGAUAUGGCACGCAAGUUUCUACCGGGCACCGUAAAUGUCCGACCAUGUCC,.(((((((..(.(((((.....[[))))).)[.....)]((((((]].....))))))..)))))).
67,6E80,ssRNA,GGCGCGAGGAAGGAGGUCUGAGGAGGUCACUGCGCC,.((((...(........).((.....))...)))).
68,8TOZ,ssRNA,GAGCAACCUAGGAUUUUAGGCUCCCCGGCGUGUCUCGAACCAUGCCGGGCCAAACCCAUAGGGCUGGCGGUCCCUGUGCGGUCAGAAUUCAUCCGCCGGAG,[[[[......((((((...]]]](((((((((........)))))))))....((((((((((........))))))).)))..))))))...........
69,7REX,ssRNA,UGUGGUUCGCAACCAUCCCACAUAAAAAAACUAG,(((((............)))))............
70,5NZ6,ssRNA,CCGGACGAGGUGCGCCGUACCCGGUCACGACAAGACGGCGC,[[[[........((((((.(]]]]....).....)))))).
71,6WLL,ssRNA,GGAAUCGGAUGAAGAUAUGAGGAGAGAUUUCAUUUUAAUGAAACACCGAAGAAGUAAAUCUUUCAGGUAAAAAGGACUCAUAUUGGACGAACCUCUGGAGAGCUUAUCUAAGAGAUAACACCGAAGGAGCAAAGCUAAUUUUAGCCUAAACUCUCAGGUAAAAGGACGGAG,....(((......((((((((....(.((.(((....))).)))(((...((((.....))).).)))........))))))))...)))..(((((....(.(((((.....))))))(((...((((....(((......))).....))).).))).......)))))
72,1DDY,ssRNA,GGAACCGGUGCGCAUAACCACCUCAGUGCGAGCAA,......[[[.{((....((]]]...).).}.))..
73,3OWZ,ssRNA,GGCUCUGGAGAGAACCGUUUAAUCGGUCGCCGAAGGAGCAAGCUCUGCGGAAACGCAGAGUGAAACUCUCAGGCAAAAGGACAGAGUC,(((((((....(.((((......)))))(((...((((...((((((((....))))))))....))).).))).......)))))))
74,6B3K,ssRNA,GACGCGACCGAAAUGGUGAAGGACGGGUCCAGUGCGAGACCCGCACUGUUGAGUAGAGUGUGAGCUCCGUAACUGGUCGCGUC,((((((((((..((((.(.....(...(((((((((.....)))))))..)).........)..).))))..).)))))))))
75,1F27,dsRNA,ACCGUCAGAGGACACGGUUAAAAAGUCCUC,[[[[[..((((((]]]]]......))))))
78,4ERL,ssRNA,GGACGGAGGCGCGCCCGAGAUGAGUAGGCUGUCCCAUCAGGGGAGGAAUCGGGGACGGCUGAAAGGCGAGGGCGCCGAAGCGAGCAGAGUUCCUCCCGCUCUGCUUGGCUGGGGGUGAGGGGAAUACCCUUACCACUGUCGCGAAAGCGGAGAGCCGUCCA,((((((..(.((((((..(.......(((((((((..(..[[[[[[....))))))))))......)..)))))))..((((((((((((.]]]]]]))))))))).)))((.(((.((((.....)))).))).)).((((....))))....)))))).
79,2OOM,dsRNA,GGAGCCUGGGAGCUCCCACGGUCCCAGACGUG,((((([[[[[.)))))((((..]]]]].))))
80,8D2A,ssRNA,GGCGAUACCAGCCGAAAGGCCCUUGGCAGCGCC,((((...((.(((....)))....))...))))
81,1EXY,ssRNA,GGGCGCCGGUACGCAAGUACGACGGUACGCUCC,((((((((((((....))))..)))..))))).
82,6WLT,ssRNA,GGUCCGUUGAAGACUGCAGGAGAGUGGUUGUUAACCAGAUUUUAACAUCUGAGCCAAAUAACCCGCCGAAGAAGUAAAUCUUUCAGGUGCAUUAUUCUUAGCCAUAUAUUGGCAACGAAUAAGCGAGGACUGUAGUUGGAGGAACCUCUGGAGAGAACCGUUUAAUCGGUCGCCGAAGGAGCAAGCUCUGCGCAUAUGCAGAGUGAAACUCUCAGGCAAAAGGACAGAGGA,..(((......((((((((......(((((((...(((((......))))).....))))))).(((...((((.....))))..)))((.((((((.(.((((.....)))))..)))))))).....))))))))...))).((((((....(.((((......)))))(((...((((...((((((((....))))))))....))).).))).......)))))).
83,4PDB,ssRNA,GGGAUGCUCAGUGAUCCUUCGGGAUAUCAGGGCAUCCC,(((((((((...(((((....)))..)).)))))))))
85,8FW4,ssRNA,GGUUAAAGCCUUAUGGUCGCUACCAUUGCACUCCGGUAGCGUUAAAAGGGAAGACGGGUGAGAAUCCCGCGCAGCCCCCGCUACUGUGAGGGAGGACGAAGCCCUAGUAAGCCACUGCCGAAAGGUGGGAAGGCAGGGUGGAGGAUGAGUCCCGAGCCAGGAGACCUGCCAUAAGGUUUUAGAAGUUCGCCUUCGGGGGGAAGGUGAAC,....((..((.(.(((((((((..............))))).....((....(.((((.......))))){{(([[[[[[)).(((...((((........(((......(((.(((((....)))))...))).)))...........))))..}}))).....)))))).).)).))......((..((((]]]]].]))))..)).
86,1TOB,ssRNA,GGCACGAGGUUUAGCUACACUCGUGCC,((((((((((......)).))))))))
88,6PQ7,ssRNA,GUACGAAGGAAGGUUUGGUAUGGGGUAGUUGUCGUAC,((((((....(..................).))))))
89,5FK1,ssRNA,GGCUUAUCAAGAGAGGGGGAGCGACUGGCGCGAAGAUCCCCGGCAACCAGAAAUGGUGCCAAUUCCUGCAGCGGAAACGUUGAAAGAUGAGCCG,((((((((....(.(((...(((.[.[[)))......))))(((..(((....))).)))...(]].](((((....)))))..))))))))).
90,5FK2,ssRNA,GGCUUAUCAAGAGAGGGGGAGCGACUGGCGCGAAGAGCCCCGGCAACCAGAAAUGGUGCCAAUUCCUGCAGCGGAAACGUUGAAAGAUGAGCCG,((((((((....(.(((...(((.[.[[)))......))))(((..(((....))).)))...(]].](((((....)))))..))))))))).
91,6N5O,ssRNA,GGUUGCCGAAUCCGAUCUGGCGGUACGGAGGAACCGCUUUUUGGGGUUAAUCUGCAGUGAAGCUGCAGUAGGGAUACCUUCUGUCCCGCACCCGACAGCUAACUCCGGAGGCAAUAAAGGAAGGAG,...((((....(((......)))..(((((....(.....(.{((((....((((((.....))))))..(((((.[[[[[[)))))..)))).)}.)....)))))..)))).....]]]]]]..
92,2L1V,ssRNA,GGAGAGGUUCUAGUUAUACCCUCUAUAAAAAACUAA,..(((((...[[[......)))))........]]].
93,6CK5,ssRNA,GUGAAAGUGUACCUAGGGUUCCAGCCUAUUUGUAGGUGUUCGGACCGAGCGGUACAGGUAUAUUUUUAUAUACCACACCUUAGGGACAAAAGCCCGGGAGGAUAGGUUUCACUCGUA,.(((((.((((((..((...((((((((....)))))..).)).))....))))))((((((......)))))).[.((((.(((.......))).])))).....)))))......
94,6CK5,ssRNA,GUGAAAGUGUACCUAGGGUUCCAGCCUAUUUGUAGGUGUUCGGACCGAGCGGUACAGGUAUAUUUUUAUAUACCACACCUUAGGGACAAAAGCCCGGGAGGAUAGGUUUCAC,((((((.((((((..((...((((((((....)))))..).)).))....))))))((..............)).[.((((.(((.......))).])))).....))))))
95,4FEJ,ssRNA,GGACAUAUAUUCGCGUGGAUAUGGCACGCAAGUUUCUACCGGGCACCGUAAAUGUCCGACUAUGUCC,((((((((..(.(((((.....[[))))).)[.....)]((((((]].....))))))..)))))))
96,8SA2,dsRNA,GGUUAAAGCCUUAUGGUCGCUACCAUUGCACUCCGGUAGCGUUAAAAGGGAAGACGGGUGAGAAUCCCGCGCAGCCCCCGCUACUGUGAGGGAGGACGAAGCCCUAGUAAGCCACUGCCGAAAGGUGGGAAGGCAGGGUGGAGGAUGAGUCCCGAGCCAGGAGACCUGCCAUAAGGUUUUAGAAGUUCGCCUUCGGGGGGAAGGUGAACAGGUUAAAGCCUUAUGGUCGCUACCAUUGCACUCCGGUAGCGUUAAAAGGGAAGACGGGUGAGAAUCCCGCGCAGCCCCCGCUACUGUGAGGGAGGACGAAGCCCUAGUAAGCCACUGCCGAAAGGUGGGAAGGCAGGGUGGAGGAUGAGUCCCGAGCCAGGAGACCUGCCAUAAGGUUUUAGAAGUUCGCCUUCGGGGGGAAGGUGAACA,..((((((.(((((((((((((.....(....)...))))).....((....(.((((.......))))){{(([[[[[[)).(((...((((..........(......(((.(((((....)))))...))).).............))))..}}))).....)))))))))).))))))..((((.(((([[.[[.[)))).))))...((((((((((((((((((((..............))))).....((....(.((((.......))))){{((].]]]])).(((...((((..........(......(((.(((((....)))))...))).).............))))..}}))).....)))))))))))))))))..(((((((((]]]]].]))))))))).
98,8VPV,ssRNA,GAGCAACUUAGGAUUUUAGGCUCCCCGGCGUGUCUCGAACCAUGCCGGGCCAAACCCAUAGGGCUGGCGGUCCCUGUGCGGUCAAAUUCAUCCGCCGGAG,[[[[......((((((...]]]](((((((((........)))))))))....((((((((((........))))))).))).))))))...........
99,4W90,ssRNA,GCGCGCUUAAUCUGAAAUCAGAGCGGGGGACCCAUUGCACUCCGGGUUUUUCCCGUAGGGGUGAAUCCUUUUUAGGUAGGGCGAAAGCCCGAAUCCGUCAGCUAACCUCGUAAGCGCGC,(((((((...((((....))))((((((....(........................(((((....(((....)))..((((....))))..))))..).)....)))))).)))))))
101,1NEM,ssRNA,GGACUGGGCGAGAAGUUUAGUCC,(((((((((.....)))))))))
102,4MGN,dsRNA,GGAAUCAAUAGUAGUUAACCCUCUCUUCCGAAGCGAGCCGGGGGCGGUGGGAGCCCGGUGAAGACGGUUAAUGAAACGGCAGUUCCGCGGAAGUAGUUCAGUGGUAGAACACCACCUUGCCAAGGUGGGGGUCGCGGGUUCGAGUCCCGUCUUCCGCUCCA,(((((.........((((((...(((((.....[..((((((..........]))))))))))).))))))......[[[.)))))(((((((..((((....{..)))).(((((..]]]..))))).....(((((..}....))))))))))))....
103,4MGN,dsRNA,GGAAUCAAUAGUAGUUAACCCUCUCUUCCGAAGCGAGCCGGGGGCGGUGGGAGCCCGGUGAAGACGGUUAAUGAAACGGCAGUUCCGCGGAAGUAGUUCAGUGGUAGAACACCACCUUGCCAAGGUGGGGGUCGCGGGUUCGAGUCCCGUCUUCCGCUC,((((.........(((((((...(((((.....[..((((((..........]))))))))))).))))))).....[[[..))))(((((((..((((....{..)))).(((((..]]]..))))).....(((((..}....))))))))))))..
104,6N2V,ssRNA,GGCUUGGGGAGUAGCCUGCUUUCGGAAACGAAAGCGCCUGUAUCAACAUACUCGGCGAAAGCCGUGGUGCAGGACCGAAAGGUCUGGCGAGACCAGGCC,(((((((......(((.(((((((....))))))).(((((((((.......((((....)))))))))))))(((....)))..)))....)))))))
106,8HZK,ssRNA,GGAAGAUUGUAAACAUGCCGAAAGGCAGACACUUCC,(((((..........((((....))))....)))))
107,6WLR,ssRNA,GGUCAUGAGUGCCAGCGUCAAGCCCCGGCUUGCUGGCCGGCAACCCUCCAACCGCGGUGGGGUGCCCCGGGUGAUGACCAGGUUGAGUAGCCGUGACGGCUACGCGGCAAGCGCGGGUC,((((....(.((((((....((.[[[[[)).)))))))(((..(((.((..{{{{))..))).)))]]]]]....))))..((((.((((((.....)))))).))))....}}}}...
108,6GZK,ssRNA,GGACGACUGAACCGAAAGGUUCUUGGCUGCUUCGGCAGAGGUACGUCC,(((((((.(((((....)))))....((((....))))..)).)))))
109,3LA5,ssRNA,GGCUUCAUAUAAUCCGAAUGAUAUGGUUUCGGAGCUUCCACCAAGAGCCUUAAACUCUUGACUAUGGAGUC,((((.(((((..((((((......[[.))))))[.....)]((((((]].....))))))..)))).))))
110,3UZS,ssRNA,GGCAGACCAUACGGGAGAGAAACUUGCC,(((((.((.....))........)))))
111,4LX5,ssRNA,GGCUUCAUAUAAUCCGAAUGAUAUGGUUUCGGAGCUUCCACCAAGAGCCUUAAACUCUUGAUUAUGAAGUC,((((((((((..((((((......[[.))))))[.....)]((((((]].....))))))..)))))))))
112,4LX6,ssRNA,GGCUUCAUAUAAUCCGAAUGAUAUGGUUUCGGAGCUUCCACCAAGAGCCUUAAACUCUUGACUAUGAAGUC,((((((((((..((((((......[[.))))))[.....)]((((((]].....))))))..)))))))))
113,5FK4,ssRNA,GGCUUAUCAAGAGAGGGUGAGCGACUGGCGCGAAGAUCCCCGGCAACCAGAAAUGGUGCCAAUUCCUGCAGCGGAAACGUUGAAAGAUGAGCC,((((((((....(.(((...(((.[.[[)))......))))(((..(((....))).)))...(]].](((((....)))))..)))))))))
115,6E1U,ssRNA,CUGGGUCGCAGUCCCCCAGUUAACAAAACAAG,(((((...[.[...))))).........]..]
116,2TOB,ssRNA,ACUUGGUUUAGGUAAUGAGU,((((..(......)..))))
117,6DMC,dsRNA,GGAAGUGUACCUAGGGAUCCACCUCGAGAGAGGAAGGACCAAGCGGUACAGGCCUACUUCGGUAGGUUACACCGUGGGGAUAAAAGACCCGUGGCAAGUUUCG,((((.((((((..((...((.((((....))))..)).))....))))))(((((((....))))))).[.(((((((.........)))))))....))))]
118,6DMC,ssRNA,GGAAGUGUACCUAGGGAUCCACCUCGAGAGAGGAAGGACCAAGCGGUACAGGCCUACUUCGGUAGGUUACACCGUGGGGAUAAAAGACCCGUGGCAAGUUUC,((((.((((((..((...((.((((....))))..)).))....))))))(((((((....)))))))...(((((((.........)))))))....))))
120,4TZY,dsRNA,GGGAAGAUAUAAUCCUAAUGAUAUGGUUUGGGAGUUUCUACCAAGAGCCUUAAACUCUUGAUUAUCUUCCCA,((((((((((..((((((......[[.))))))[.....)]((((((]].....)))))).[)))))))))]
121,1NTB,dsRNA,GGAUCGCAUUUGGACUUCUGCCCGGCACCACGGUCGGAUC,.((((.(.....(((..(((((.))))....)))))))))
122,6MSF,ssRNA,CCACAGUCACUGGG,((.(((...)))))
123,6MSF,ssRNA,CAGUCACUGG,(((...))).
124,8U5T,ssRNA,GCGUACGAAGGUGAGGAGAGGCGAGGAAGAGUACGC,((((((........................))))))
125,5E54,ssRNA,GGGAAGAUAUAAUCCUAAUGAUAUGGUUUGGGAGUUUCUACCAAGAGCCUUAAACUCUUGAUUAUCUUCCC,......(((...((((((......[[.))))))((.{..))((((((]].....))))))}.)))......
126,5E54,ssRNA,GGGAAGAUAUAAUCCUAAUGAUAUGGUUUGGGAGUUUCUACCAAGAGCCUUAAACUCUUGAUUAUCUU,...((((((...((((((......[[.))))))((.{..))((((((]].....))))))}.))))))
129,8TJV,ssRNA,GGGCGAUGAGGCCCGCCCAAACUGCCCUAUAUGGAUGCAGUUCACAGACUAAAUGUCGGUCGGGGAAGAUGUAUUCUUCUCAUAAGAUAUAGUCGGACCUCUCCUUAAUGGGAGCUAGCGGAUGAAGUGAUGCAACACUGGAGCCGCUGGGAACUAAUUUGUAUGCGAAAGUAUAUUGAUUAGUUUUGGAGGAGGGAAAAGUUAUCAGGCAUGCACCUGGUAGCUAGUCUUUAAACCAAUAGAUUGCAUCGGUUUAAAAGGCAAGACCGUCAAAUUGCGGGAAAGGGGUCAACAGCCGUUCAGUACCAAGUCUCAGGGGAAACUUUGAGAUGGCCUUGCAAAGGGUAUGGUAAUAAGCUGACGGACAUGGUCCUAACCACGCAGCCAAGUCCUAAGUAGGGCUGAUGGCCUCUACUG,.[[[[..((((((]]]]......(((((((..((((...((...(.(((((...[.[[[[[.(((((((.....)))))))........))))))..((.(((((....)))))(((((((....(((([[[[[[))))....))))))).(((((((...(((((....)))))...)))))))..))..........((((((((((..{{{.)))))))))).(((((((((((....(.]]]]]]))))))).)))))..]]]]].]....((((((...((((((.....(((.((((.(((..(((((((((....)))))))))..((..}}.}.))....)))......)))))))....))))))..)).))))))...))))...)))))))....)))))).....
132,3DD2,ssRNA,GGGAACAAAGCUGAAGUACUUACCCT,(((....((((....)..))).))).
135,4KZE,ssRNA,GGACGCGACCGAAAUGGUGAAGGACGGGUCCAGUGCGAAACACGCACUGUUGAGUAGAGUGUGAGCUCCGUAACUGGUCGCGUC,.((((((((((..((((.(.....(...(((((((((.....)))))))..)).........)..).))))..).)))))))))
136,3RKF,ssRNA,GGCCAUAUAACUGCGUGGAUAUAGCACGCAGGUUUCUACCGGGCACUGUAAAUGUCCGACUAUGGUC,((((((((..(((((((.....[[)))))))[.....)]((((((]].....))))))..)))))))
137,2LI4,ssRNA,GGACCGAUAAGGUAGAAAUGCCUUAUCGGUCC,((((((((((((((....))))))))))))))
138,6CC3,dsRNA,GAAAGGGGAGUAGCGUCGGGAAACCGAAACAAAGUCGACAUACUGUGAGGAAACUCACCGGCUUUGUUGACAUACGAAAGUAUGUUUAGCAAGACCUUUCCGAAAGGGGAGUAGCGUCGGGAAACCGAAACAAAGUCGACAUACUGUGAGGAAACUCACCGGCUUUGUUGACAUACGAAAGUAUGUUUAGCAAGACCUUUCCGGGGAAGUGUACCUAGGGAUCCACCUCGAGAGAGGAAGGACCAAGCGGUACAGGCCUACUUCGGUAGGUUACACCGUGGGGAUAAAAGACCCGUGGCAAGUUUCGGGCCGACGGAGGCGCGCCCGAGAUGAGUAGGCUGUCCCAUCAGGGGAGGAAUCGGGGACGGCUGAAAGGCGAGGGCGCCGAAGGGUGCAGAGUUCCUCCCGCUCUGCAUGCCUGGGGGUAUGGGGAAUACCCAUACCACUGUCACGGAGGUCUCUCCGUGGAGAGCCGUCGGUCCCAUACG,.(((((......((.((((....))))((((((((((.......(((((....)))))))))))))))(((((((....)))))))..))....)))))(..(((((......((.((((....))))((((((((((.......(((((....)))))))))))))))(((............)))..))....)))))..).((((.((((((..((...((.((((....))))..)).))....))))))(((((((....))))))).[.(((((((.........)))))))....))))](((((((((..(.((((((..(.......(((((((((..(..[[[[[[....))))))))))......)..)))))))..((((((((((((.]]]]]]))))))))).)))((.((((((((.....)))))))).)).((((((((....))))))))....))))))))).......
140,2JWV,ssRNA,GAUACUUGAAACUGUAAGGUUGGCGUAUC,(((((....((((....))))...)))))
141,8U5J,ssRNA,GUACGAAGGAAGGUUUGGUAUGUGGUAGAUUCGUAC,(((((((......................)))))))
142,3HSB,ssRNA,AGAGAGA,.......
144,4TZP,ssRNA,GAGUAGUUCAGUGGUAGAACACCACCUUGCCAAGGUGGGGGUCGCGGGUUCGAAUCCCGUCUCGGGCGAAAGCCC,(((..((((....[..)))).(((((.......))))).....(((((..]....))))))))((((....))))
145,4TZP,ssRNA,GGGUGCGAUGAGAAGAAGAGUAUUAAGGAUUUACUAUGAUUAGCGACUCUAGGAUAGUGAAAGCUAGAGGAUAGUAACCUUAAGAAGGCACUUCGAGCACCC,((((((.....((((.......((.(((...((((((......[..((((((..........])))))).)))))).))).)).......))))..))))))
146,4QLM,ssRNA,GGAUCGCUGAACCCGAAAGGGGCGGGGGACCCAGAAAUGGGGCGAAUCUCUUCCGAAAGGAAGAGUAGGGUUACUCCUUCGACCCGAGCCCGUCAGCUAACCUCGCAAGCGUCCGAAGGAGAAUC,....((((.............((((((....(......(((((....(((((((....)))))))..(((((.[[[[[[[)))))..))))..).)....)))))).))))...]]]]]]]....
147,6B14,ssRNA,GACGCGACCGAAAUGGUGAAGGACGGGUCCAGUGCGAAACACGCACUGUUGAGUAGAGUGUGAGCUCCGUAACUGGUCGCGUC,((((((((((..((((.(.....(...(((((((((.....)))))))..)).........)..).))))..).)))))))))
151,1EHT,ssRNA,GGCGAUACCAGCCGAAAGGCCCUUGGCAGCGUC,((((...((.(((....)))....))...))))
152,5T83,ssRNA,GUCUAAAGUUUGCUAGGGUUCCGCGUCAUAGGUGGUCUGGUCCAAGAGCAAACGGCUUUCACAAAGCCACACGGAAGGAUAAAAGCCUGGGAGAU,.......((((((..((...(((((((...))))..).)).))....))))))((((.......)))).(.[....((.......))..)..]..
154,5FK5,ssRNA,GGCUUAUCAAGAGAGGGAGAGCGACUGGCGCGAAGAACCCCGGCAACCAGAAAUGGUGCCAAUUCCUGCAGCGGAAACGUUGAAAGAUGAGCCG,((((((((....(.(((...(((.[.[[)))......))))(((..(((....))).)))...(]].](((((....)))))..))))))))).
156,1F1T,ssRNA,GGAUCCCGACUGGCGAGAGCCAGGUAACGAAUGGAUCC,((((((((.(((((....)))))....))...))))))
158,4ZNP,ssRNA,GGGAUACAGGACUGGCGGAUUAGUGGGAAACCACGUGGACUGUAUCCGAAAAAAAGCCGACCGCCUGGGCAUC,.((((((((..(.[[[[[....((((....))))..)..))))))))........(((..]]]]]..)))...
163,3MUM,dsRNA,GGUCACGCACAGAGCAAACCAUUCGAAAGAGUGGGACGCAAAGCCUCCGGCCUAAACCAUUGCACUCCGGUAGGUAGCGGGGUUACCGAUGGG,...(.((......((...((((((....))))))..[))...(((.((((((((..((..........))))))).]))))))..[))...)]
164,8EPK,ssRNA,GUGGACUAUACCGCGUAAUGCUGCCUCCACT,(((((.......((.....))....))))).
166,2XO1,ssRNA,GAACAUAUAAUCGCGUGGAUAUGGCACGCAAGUUUCUACCGGGCACCGUAAAUGUCCGAUUAUGUC,..((((((..(.(((((.....[[))))).)[.....)]((((((]].....))))))..))))).
168,3SLM,dsRNA,GGCCUUAUACAGGGUAGCAUAAUGGGCUACUGACCCCGCCUUCAAACCUAUUUGGAGACUAUAAGGUCG,((((((((((..((((((.....[[))))))[.....)](((((((]]..))))))).[)))))))))]
169,3SLM,ssRNA,GGCCUUAUACAGGGUAGCAUAAUGGGCUACUGACCCCGCCUUCAAACCUAUUUGGAGACUAUAAGGUC,((((((((((..((((((.....[[))))))[.....)](((((((]]..)))))))..)))))))))
170,2RQJ,ssRNA,GGAGGAGGAGGA,............
171,6RTI,ssRNA,GGGACCGAAAAAGACCUGACUUCUAUACUAAGUCUACGUUCCC,((((.((....((((................)))).)).))))
172,6C65,ssRNA,GCGUACGAAGGAGAGGAGAGGUAGAGGAGAGUACGC,((((((........................))))))
173,6C65,ssRNA,CGUACGAAGGAGAGGAGAGGUAGAGGAGAGUACGG,..(((........................)))...
175,6CB3,dsRNA,GAAAGGGGAGUAGCGUCGGGAAACCGAAACAAAGUCGUCAAUUCGUGAGGAAACUCACCGGCUUUGUUGACAUACGAAAGUAUGUUUAGCAAGACCUUUCCGAAAGGGGAGUAGCGUCGGGAAACCGAAACAAAGUCGUCAAUUCGUGAGGAAACUCACCGGCUUUGUUGACAUACGAAAGUAUGUUUAGCAAGACCUUUCCGGGGAUGCGCCUUGAAAAGCCUGCGAAACACGCAGCUGGUGAAUGACAGCUAUGGCGCAUCC,.(((((......((.((((....))))((((((((((.......(((((....)))))))))))))))(((((((....)))))))..))....)))))(..(((((......((.((((....))))((((((((((.......(((((....)))))))))))))))(((((((....)))))))..))....)))))[.)](((((((((..(.....[).(((.....)))(((((......].)))))..)))))))))
176,1OOA,ssRNA,CAUACUUGAAACUGUAAGGUUGGCGUAUG,(((((....((((....))))...)))))
177,3IWN,dsRNA,CACGCACAGGGCAAACCAUUCGAAAGAGUGGGACGCAAAGCCUCCGGCCUAAACGGCAUUGCACUCCGCCGUAGGUAGCGGGGUUACCGAUGGCACGCACAGGGCAAACCAUUCGAAAGAGUGGGACGCAAAGCCUCCGGCCUAAACGGCAUUGCACUCCGCCGUAGGUAGCGGGGUUACCGAUGGGGGGACGACUGAACCGAAAGGUUCUUGGCUGCUUCGGCAGAGGUACGUCC,((((......((...((((((....))))))..[))...(((.((((((((..((((..........))))))))).]))))))..[)).)).((((......((...(((.((....)).)))..[))...(((.((.(((((..((((..........))))))))).].)))))..{)).)).]}(((((((.(((((....)))))....((((....))))..)).)))))
181,5KH8,ssRNA,GGCGAUGGUGUUCGCCAUAAACGCUCUUCGGAGCUAAUGACACCUAC,[[[[..((((((]]]]......((((....))))....))))))...
183,8U5P,ssRNA,GCGUACGAAGGAGAGGAGAGGAAGAGGAGAGUACG,.(((((........................)))))
185,3FU2,ssRNA,AGAGGUUCUAGCUACACCCUCUAUAAAAAACUAA,(((((...[[[......)))))........]]].
187,4M6D,ssRNA,GGGCGGCUAAAGAGUGCAGAGUUACUUAGUUCACUGCAGACGCCC,....(.((.......((((.(.(.[..)]..).)))))).)....
190,4M6D,ssRNA,GGGCGGCUAAAGAGUGCAGAGUUACUUAGUUCACUGCAGACGCC,..(((.((.......((.(.(.(.[..)]..).).)))).))).
192,1U1Y,ssRNA,CCGGGGGAUCACCACGG,(((..((....)).)))
196,5NDI,dsRNA,UUUGCAGGACGACCUGCAAAUUUGCAGGACGACCUGCAAA,((((((((.[[.))))))))((((((((.]].))))))))
197,2EES,ssRNA,GGACAUUUAAUCGCGUGGAUAUGGCACGCAAGUUUCUACCGGGCACCGUAAAUGUCCGACAAUGUCC,.(((((((..(.(((((.....[[))))).)[.....)]((((((]].....))))))..)))))).
198,5OB3,ssRNA,GGGAGUACGGUGAGGGUCGGGUCCAGUAGGUACGCCUACUGUUGAGUAGAGUGUGGGCUCCGUACUCCC,((((((((((.(.....(...(((((((((....)))))))..)).........)..).))))))))))
199,7ELS,dsRNA,GAGUAGAAGCGUUCAGCGGCCGAAAGGCCGCCCGGAAAUUGCUCCG,(((((....[.(((.((((((....))))))..])))..)))))()
200,7ELS,ssRNA,GAGUAGAAGCGUUCAGCGGCCGAAAGGCCGCCCGGAAAUUGCUCC,(((((....[.(((.((((((....))))))..])))..))))).
201,7UZ0,ssRNA,GCGGAAGUAGUUCAGUGGUAGAACACCUACUGGCCCGAAAGGGUGGAACCCCAGUAGGGGGUCGCGGGUUCGAGUCCCGUCUUCCGC,(((((((..((((....[..)))).(((((((((((....))).......)))))))).....(((((..]....))))))))))))
202,5O69,ssRNA,CCGGACGAGGUGCGCCGUACCCGGUCAGGACAAGACGGCGC,[[[[.......(((((((.(]]]]....).....)))))))
204,1KOD,dsRNA,AGAAGGAGUGUACGGUUAGGUCGCU,((...((..(()).......)).))
206,3P49,ssRNA,GGAUAUGAGGAGAGAUUUCAUCCAUUGCACUCCGGAUGAAACACCGAAGAAGUAAAUCUUUCAGGUAAAAAGGACUCAUAUUGGACGAACCUCUGGAGAGCUUAUCUAAGAGAUAACACCGAAGGAGCAAAGCUAAUUUUAGCCUAAACUCUCAGGUAAAAGGACGGAG,.((((((((....(.((.(((((..........))))).)))(((....(((.....)))...)))........))))))))........(((((.......((((.....))))..(((...((((....(((......))).....))).).))).......)))))
207,7V9E,ssRNA,CGGGCUGACCGACCCCCCGAGUUCGCUCGGGGACAACUAGACAUACAGUAUGAAAAUACUGAGCCCGC,(((((....((...(((((((....)))))))....)..).....((((((....)))))).))))).
208,8Q6N,ssRNA,GGAGUAGAAGCGUUCAGCGGCCGAAAGGCCGCCCGGAAAUUGCUCC,((((((....[.(((.((((((....))))))..])))..))))))
211,4QK8,ssRNA,GGUUGCCGAAUCCGAAAGGUACGGAGGAACCGCUUUUUGGGGUUAAUCUGCAGUGAAGCUGCAGUAGGGAUACCUUCUGUCCCGCACCCGACAGCUAACUCCGGAGGCAAUAAAGGAAGGAG,...((((....((....))..(((((....(.....(.{((((....((((((.....))))))..(((((.[[[[[[)))))..)))).)}.)....)))))..)))).....]]]]]]..
212,2EEV,ssRNA,GGACAUACAAUCGCGUGGAUAUGGCACGCAAGUUUCUGCCGGGCACCGUAAAUGUCCGACUAUGUCC,((((((((..(.(((((.....[[))))).)[.....)]((((((]].....))))))..)))))))
213,7MLW,ssRNA,GGAUCGCUAGGGUUCCGGUCGUGCGGCGUUCGCGCCGCACGAUGCUGGUCCGAGAGCAAUCCGGUCUUGCCUUCGCCUCGUUCGCGAGGAAACGGCGAGGCUCCACGGAGGGAUAAAAGCCCGGGAGG,((((.((..((...((((((((((((((....))))))))))).).)).))....)).))))((..(((((.(..(((((....)))))..).)))))..)).(.[...(((.......))).)..].
215,3AGV,ssRNA,GGAGGUGCUCCGAAAGGAACUCCA,((((....(((....))).)))).
219,2QBZ,ssRNA,GGGCUUCGUUAGGUGAGGCUCCUGUAUGGAGAUACGCUGCUGCCCAAAAAUGUCCAAAGACGCCAAUGGGUCAACAGAAAUCAUCGACAUAAGGUGAUUUUUAAUGCAGCUGGAUGCUUGUCCUAUGCCAUACAGUGCUAAAGCUCUACGAUUGAAGCCCA,((((((((([.(((..(((..((((((((......(((((((((((....((((....))))....))))).....(((((((((......])))))))))..).))))).(..........)....)))))))).)))...)))..))....))))))).
220,6XKO,ssRNA,GAGCAACUUAGGAUUUUAGGCUCCCCGGCGUGUCUCGAACCAUGCCGGGCCAAACCCAUAGGGCUGGCGGUCCCUGUGCGGUCGAAAUUCAUCCGCCGGAG,[[[[......((((((...]]]](((((((((........)))))))))....((((((((((........))))))).)))..))))))...........
225,6WTR,ssRNA,GGUUGCCGAAUCCUUUACUUGGUACGGAGGAACCGCUUUUUGGGGUUAAUCUGCAGUGAAGCUGCAGUAGGGAUACCUUCUGUCCCGCACCCGACAGCUAACUCCGGAGGCAAUAAAGGAAGGAG,...((((....((.......))..(((((....(.....(.{((((....((((((.....))))))..(((((.[[[[[[)))))..)))).)}.)....)))))..)))).....]]]]]]..
227,1NBK,ssRNA,GGGAGCUUGAUCCCGGAAACGGUCGAUCGCUCCC,((((((..(((((((....)))..))))))))))
228,4Y1J,dsRNA,AAAGGGGAGUAGCGUCGGGAAACCGAAACAAAGUCGUCUAUUCGUGAGGAAACUCACCGGCUUUGUUGACAUACGAAAGUAUGUUUAGCAAGACCUUUCCAAAGGGGAGUAGCGUCGGGAAACCGAAACAAAGUCGUCUAUUCGUGAGGAAACUCACCGGCUUUGUUGACAUACGAAAGUAUGUUUAGCAAGACCUUUCCGGGGGCUUCGUUAGGUGAGGCUCCUGUAUGGAGAUACGCUGCUGCCCAAAAAUGUCCAAAGACGCCAAUGGGUCAACAGAAAUCAUCGACAUAAGGUGAUUUUUAAUGCAGCUGGAUGCUUGUCCUAUGCCAUACAGUGCUAAAGCUCUACGAUUGAAGCCCA,(((((......((.((((....))))((((((((((.......(((((....)))))))))))))))(((((((....)))))))..))....)))))(.(((((......((.((((....))))((((((((((.......(((((....)))))))))))))))(((((((....)))))))..))....)))))[.)]((((((((([.(((..(((..((((((((......(((((((((((....((((....))))....))))).....(((((((((......])))))))))..).))))).((........))....)))))))).)))...)))..))....))))))).
230,4YB1,ssRNA,GGGCACGCACAGAGCAAACCAUUCGAAAGAGUGGGACGCAAAGCCUCCGGCCUAAACCAUUGCACCUCGGUAGGUAGCGGGGUUACCGAUG,...((((......((...((((((....))))))..[))...(((.(((((((...((..........)).)))).]))))))...)).))
231,6P2H,dsRNA,GGGUGUAAUCUCCAAAAUAUGGUUGGGGAGCCUCCACCAGUGAACCGUAAAAUCGCUGUCACCACCCAGG,((((((..(((((((.....[[)))))))......).((((((.]]......))))))...[)))))..]
234,2XNZ,ssRNA,GGACAUAUAAUCGCGUGGAUAUGGCACGCAAGUUUCUACCGGGCACCGUAAAUGUCCGAUUAUGUC,.(((((((..(.(((((.....[[))))).)[.....)]((((((]].....))))))..))))))
236,4FEN,ssRNA,GGACAUAUAUACGCGUGGAUAUGGCACGCGAGUUUCUACCGGGCACCGUAAAUGUCCGACUAUGUCC,((((((((...((((((.....[[)))))).[.....)]((((((]].....))))))..)))))))
239,5VOF,ssRNA,GAGAGCCCCAGCGAGAUAAUACUUGGCCCCGCUCUU,((((((....(((((......))).))...))))))
240,4RZD,ssRNA,GAGCAACUUAGGAUUUUAGGCUCCCCGGCGUGUCUCGAACCAUGCCGGGCCAAACCCAUAGGGCUGGCGGUCCCUGUGCGGUCAAAAUUCAUCCGCCGGAG,[[[[......((((((...]]]](((((((((........)))))))))....((((((((((........))))))).)))..))))))...........
241,6N5T,ssRNA,GGUUGCCGAAUCCCCUAGAAAGGUACGGAGGAACCGCUUUUUGGGGUUAAUCUGCAGUGAAGCUGCAGUAGGGAUACCUUCUGUCCCGCACCCGACAGCUAACUCCGGAGGCAAUAAAGGAAGGAG,...((((....((........))..(((((....(.....(.{((((....((((((.....))))))..(((((.[[[[[[)))))..)))).)}.)....)))))..)))).....]]]]]]..
242,7KGA,dsRNA,GGGGGCCAGAUGUCAUGUCUCUCAAGCCUAGGAGACACUAGACACUCUGGACUAUCGGUUAGAGGAAACCCCCCCAAAAAUGUAUAGGCUGGGGGCCAGAUGUCAUGUCUCUCAAGCCUAGGAGACACUAGACACUCUGGACUAUCGGUUAGAGGAAACCCCCCCAAAAAUGUAUAGGCU,((((((((((((((((((((((...[[[[.))))))).).)))).)))))<((.<.{{{....)).{{{{)))))..........]]]].((((((((((((((((((((((...[[[[[))))))).).)))).)))))>((.>.}}}}...))..}}}))))).........]]]]].
245,7RWR,ssRNA,GGAUACACAAGAGUGAUUGAAACUAAGUCUGUGUAUCC,((((((((.(((...............)))))))))))
250,8UTA,ssRNA,GGACAAAGAUAAAAACACAACGUAUGGCGAAACACGUCAUACAGAUCCGGUAGGUAGUCCGGACAUAAACAGCGGUAUAAAGCGCUGUUUAUAAGUAACCUUCCUCCUUAGGUCGUCCAUUCUUUGUC,.((((((((.......{{...((((((((.....)))))))).(.(((((..[[.[}}))))))((((((((((........))))))))))...]...(..(((....)))..).]]..))))))))
252,5FKG,ssRNA,GGCUUAUCAAGAGAGGGGGAGUGACUGGCGCGAAGACCCCCGGCAACCAGAAAUGGUGCCAAUUCCUGCAGCGGAAACGUUGAAAGAUGAGCCG,((((((((....(.(((...(((.[.[[)))......))))(((..(((....))).)))...(]].](((((....)))))..))))))))).
253,5DDO,ssRNA,CGUUGGCCCAGGAAACUGGGUGGAAGUAAGGUCCAUUGCACUCCGGGCCUGAAGCAACGCU,(((((((((((....)))))).......((((((..........))))))....)))))..
256,7ZJ4,ssRNA,GGAUACGUCUACGCUCAGUGACGGACUCUCUUCGGAGAGUCUGACAUCCGAACCAUACACGGAUGUGCCUCGCCGAACAGUCUACGGCGAGCUUAAGCGCUGGGGACGCCCAACGCAUCACAAAGACUGAGUGAUGAACCAGAAGUAUGGACUGGUUGCGUUGGUGGAGACGGUCGGGUCCAGUUCGCUGUCGAGUAGAGUGUGGGCUCCAUCGACGCCGCUUUAAGGUCCCCAAUCGUGGCGUGUCGGCCUGCUUCGGCAGGCACUGGCGCCGGGACCUUGAAGAGAUGAGAUUUCGAUCUCAUCUUUGGGUGUCUCUGGUGCUUGAGGGCCCUGUGUUCGCACAGGGCCGCUCACUGGGUGUGGACGUAUCC,((((((((((((((((((((((((((((((....)))))))))(((((((..[[[[[[.)))))))(((((((((..[[[[[[.)))))))((((((((((((((((((((((((((((((..]]]]]].))))))((((((..]]]]]].))))))((((((((((((.....(....((((....)))..)..........)..))))))))))))))((((((((((((.......(((((...(((((((....)))))).)..)))))))))))))))))(((((((((....)))))))))))))))))))))))))))))))(((((((((....))))))))))))))))))))))))))))))))
258,3SKL,dsRNA,GGCUUAUACAGGGUAGCAUAAUGGGCUACUGACCCCGCCUUCAAACCUAUUUGGAGACUAUAAGUCG,(((((((((..((((((.....[[))))))[.....)](((((((]]..))))))).[))))))))]
259,3SKL,ssRNA,GGCUUAUACAGGGUAGCAUAAUGGGCUACUGACCCCGCCUUCAAACCUAUUUGGAGACUAUAAGUC,(((((((((..((((((.....[[))))))[.....)](((((((]]..)))))))..))))))))
260,3K1V,ssRNA,AGAGGUUCUAGCACAUCCCUCUAUAAAAAACUAA,(((((...[[[......)))))........]]].
264,4EN5,ssRNA,GGGCGAUGAGGCCCGCCCAAACUGCCCUGAAAAGGGCUGAUGGCCUCUACUG,.[[[[..((((((]]]]......(((((....)))))....)))))).....
266,4MEH,dsRNA,AGCGCCUGGACUUAAAGCCAUUGCACUGGCGGCUUUAAGUUGACGAGGGCAGGGUUAAACGAGACAUCGGCGAGUGCCCUGCGGUCUUCCUGCGACCGUUAGAGGACUGGUAAAACCACAGGCGACUGUGGCAUAGAGCAGUCCGGGCAGGAA,..((((.(((((((((((.............))))))))))..((....[[[[[[....))......)))))...]]]]]](((((..[[[[[))))).....((((((......((((((....)))))).......))))))..]]]]]..
268,2RRC,ssRNA,GGACCCACCACGGCGAGGUCCA,((((((.(....).).))))).
269,7EOM,dsRNA,GCGCACUGGCGCUGCGCCUUCGGGCGCCAAUCGUAGCGUGUCGGCGCCG,((((.(..((((((((((....))))).......)))))...)))))()
270,2B57,ssRNA,GACAUAUAAUCGCGUGGAUAUGGCACGCAAGUUUCUACCGGGCACCGUAAAUGUCCGAUUAUGUC,(((((((..(.(((((.....[[))))).)[.....)]((((((]].....))))))..))))))
273,1AM0,ssRNA,GGGUUGGGAAGAAACUGUGGCACUUCGGUGCCAGCAACCC,.....(...........(..............).).....
274,3GOG,ssRNA,GGACAUGUAAUCGCGUGGAUAUGGCACGCAAGUUUCUACCGGGCACCGUAAAUGUCCGACCAUGUC,.(((((((..(.(((((.....[[))))).)[.....)]((((((]].....))))))..))))))
275,3UCU,dsRNA,GGUCACGCACAGGGCAAACCAUUCGAAAGAGUGGGACGCAAAGCCUCCGGCCUAAACCAUUGCACUCCGGUAGGUAGCGGGGUUACCGAUGGGG,...(.((......((...((((((....))))))..[))...(((.((((((((..((..........))))))).]))))))..[))...).]
277,6UFG,dsRNA,GGGCCUAUAGCUCAGGCGGUUAGAGCGCUUCGCUGAUAACGAAGAGGUCGGAGGUUCAAGUCCUCCUAGGCCCGCCAGGCAUCGAUCCGGCGAUCACCGGGGAGCCUUCGGAAGAACGGCCGGUUAGGCCCAGUAGAACCGAACGGGUUGGCCCGUCACAGCCUCAAGUCGAGCGGCCGCGCGAAAGCGUGGCAAGCGGGGUGGCACCGCGGCGUUCGCGCGAAAGCGUGGCGUCGUCCCCGC,(((((((..((((.....[...)))).(((((..{{{..))))).....(((((..]....))))))))))))[[[[(((......((((..}}}.))))...)))(((((......((((.....))))........)))))(((...[[[))).....]]].........{..(((((((....)))))))..((((((]]]]..}(((((((.(((((....))))))))))))))))))
279,3TZR,dsRNA,CGAGGAACUACUGUCUUCCCGGUCGUGCAGCCUCGG,(((((.....(((((..((.))..).))))))))).
280,5C7W,ssRNA,GGAAUAUAAUCGCGUGGAUAUGGCACGCAAGUUUCUACCGGGCACCGUAAAUGUCCGACUAUUCC,(((((((..(.(((((.....[[))))).)[.....)]((((((]].....))))))..))))))
281,6DB8,ssRNA,GGAUGCGCCUUGAAAAGCCUGCGAAACACGCAGCUGGUGAAUGACAGCUAUGGCGCAUCC,(((((((((..(.....[).(((.....)))(((((......].)))))..)))))))))
284,6N5P,ssRNA,GGUUGCCGAAUCCAUGUCGUUUGGUACGGAGGAACCGCUUUUUGGGGUUAAUCUGCAGUGAAGCUGCAGUAGGGAUACCUUCUGUCCCGCACCCGACAGCUAACUCCGGAGGCAAUAAAGGAAGGAG,...((((....(((.......)))..(((((....(.....(.{((((....((((((.....))))))..(((((.[[[[[[)))))..)))).)}.)....)))))..)))).....]]]]]]..
287,3OXB,ssRNA,GGCUCUGGAGAGAACCGUUUAAUCGGUCGCCGAAGGAGCAAGCUCUGCGGAAACGCAGAGUGAAACUCCCAGGCAAAAGGACAGAGUC,((((.((....(.((((......)))))(((...((((...((((((((....))))))))....))).).))).......)).))))
291,3B4B,dsRNA,GCGCCUGGACUUAAAGCCAUUGCACUCCGGCUUUAAGUUGACGAGAGCAGGGUUUAUCGAGACAUCGGCGGGUGCCCUGCGGUCUUCCUGCGACCGUUAGAGGACUGGUAAAACCACAGGCGACUGUGGCAUAGAGCAGUCCGGGCAGGAA,.((((.((((((.(((((..........))))).)))))..(((...[[[[[[...)))......)))))...]]]]]][[[[[.((((((]]]]].....((((((......((((((....)))))).......))))))..)))))).
295,6XKN,ssRNA,GAGCAACUUAGGAUUUUAGGCUCCCCGGCGUGUCUCGAACCAUGCCGGGCCGAACCCAUAGGGCUGGCGGUCCCUGUGCGGUCAAAAUUCAUCCGCCGGAG,[[[[......((((((...]]]](((((((((........))))))))).....(((((((((........))))))).))...))))))...........
296,3MUT,dsRNA,GGUCACGCACAGAGCAAACCAUUCGAAAGAGUGGGACGCAAAGCCUCCGGCCUAAACCAUUGCACUCCGGUAGGUAGCGGGGUUAUCGAUGGG,...(.((......((...((((((....))))))..[))...(((.((((((((..((..........))))))).]))))))..[))...)]
300,5FKH,ssRNA,GGCUUAUCAAGAGAGGGUGAGCGACUGGCGCGAAGACCCCCGGCAACCAGAAAUGGUGCCAAUUCCUGCAGCGGAAACGUUGAAAGAUGAGCCG,((((((((....(.(((...(((.[.[[)))......))))(((..(((....))).)))...(]].](((((....)))))..))))))))).
301,4JF2,ssRNA,GGAACCGCGAAAGCGGUUCCACGACGAUACUUAUUUCCUUUGAUCGUCGUUAUUACUGGCUUCGGCCACAAAGGAGA,((((((((....))))))))((((((((.......[[[[[..))))))))......((((....))))..]]]]]..
302,1KOC,dsRNA,AGAAGGAGCGUACAGGUAGGUCGCU,((...((..(..).......)).))
308,5LWJ,dsRNA,GGCAGCCAGAAGAGCACGUAUACGCAAGGCUGUCG,(((((((....[.((.{.....]))..)))))))}
309,4L81,ssRNA,GGAUCACGAGGGGGAGACCCCGGCAACCUGGGACGGACACCCAAGGUGCUCACACCGGAGACGGUGGAUCCGGCCCGAGAGGGCAACGAAGUCCGU,(((((....((((....))))(((..((((((.[[[[..))).))).)))..(((((....)))))))))).((((....)))).......]]]].
310,6VWV,dsRNA,GGGAAGAUAUAAUCCUAAUGAUAUGGUUUGGGAGUUUCUACCAAGAGCCUUAAACUCUUGAUUAUCUUCCCGGGAAGAUAUAAUCCUAAUGAUAUGGUUUGGGAGUUUCUACCAAGAGCCUUAAACUCUUGAUUAUCUUCCCAGGCUUAUACAGGGUAGCAUAAUGGGCUACUGACCCCGCCUUCAAACCUAUUUGGAGACUAUAAGUCGGGCUUAUACAGGGUAGCAUAAUGGGCUACUGACCCCGCCUUCAAACCUAUUUGGAGACUAUAAGUCGGGAAGAUACAAGGUGAGCCCAAUAAUAUGGUUUGGGUUAGGAUAGGAAGUAGAGCCUUAAACUCUCUAAGCGGUAUCUUCCC,.(((((((((..((((((....[.[[.))))))[.....)]((((((]][....)))))).{))))))))..(((((((((..((((((....].[[.))))))[.....)]((((((]]]....))))))..)))))))).}(((((((((..((((((.....[[))))))[.....)](((((((]]..))))))).[))))))))](((((((((..((((((.....[[))))))[.....)](((((..]]....)))))..))))))))((((((((((.......((((((......[[.))))))........(..(.((((]].....)))))....).))))))))))
312,2N0J,ssRNA,GGCUGCUUGUCCUUUAAUGGUCCAGUC,(((((...(.((......)).))))))
317,3MUV,ssRNA,GGUCACGCACAGAGCAAACCAUUCGAAAGAGUGGGACGCAAAGCCUCCGGCCUAAACCGAUUGCACUCCGGUAGGUAGCGGGGUUAUCGAUG,...((((......((...((((((....))))))..[))...(((.(((((((...((...........)).)))).]))))))...)).))
319,5FKD,ssRNA,GGCUUAUCAAGAGAGGGAGAGCGACUGGCGCGAAGAUCCCCGGCAACCAGAAAUGGUGCCAAUUCCUGCAGCGGAAACGUUGAAAGAUGAGCCG,((((((((....(.(((...(((.[.[[)))......))))(((..(((....))).)))...(]].](((((....)))))..))))))))).
321,8U60,ssRNA,GCGUACGAAGGAGAGGAGAGGAUGAGGAGAGUACGC,((((((........................))))))
324,1FMN,ssRNA,GGCGUGUAGGAUAUGCUUCGGCAGAAGGACACGCC,(((((((......(((....))).....)))))))
326,6SY6,ssRNA,GGCGGAGAAUGUUAUGGCCUUCGGGCAGAGAAAACCG,...((...........(((....)))........)).
329,8EYU,ssRNA,GCGCCGGUUAGGCAGAGGUGGGUGGUGUGGAGGAGUAUCUGUCCGGCGC,((((((....((((((.........(..........)))))))))))))
331,6CK4,dsRNA,GUGAAAGUGUACCUAGGGUUCCAGCCUAUUUGUAGGUGUUCGGACCGAGCGGUACAGGUAUAUUUUUAUAUACCACACCUUAGGGACAAAAGCCCGAGAGGAUAGGUUUCACUCGUAGUGAAAGUGUACCUAGGGUUCCAGCCUAUUUGUAGGUGUUCGGACCGAGCGGUACAGGUAUAUUUUUAUAUACCACACCUUAGGGACAAAAGCCCGAGAGGAUAGGUUUCACUCGUAGUGAAAGUGUACCUAGGGUUCCAGCCUAUUUGUAGGUGUUCGGACCGAGCGGUACAGGUAUAUUUUUAUAUACCACACCUUAGGGACAAAAGCCCGAGAGGAUAGGUUUCACUCGUAGGGG,.(((((.((((((..((...(.((((((....)))))..)..).))....))))))((((..........)))).[.((((.(((.......)))..)))).....)))))(.....((((((.((((((..((...((((((((....)))))..).)).))....))))))(((((((....))))))).{.((((.(((.......)))..)))).....)))))).....((((((.((((((..((...(((((((((..))))))..).)).))....))))))(((((((....))))))).<.((((.(((.......)))..)))).....)))))).....)]}>
332,6CK4,ssRNA,GUGAAAGUGUACCUAGGGUUCCAGCCUAUUUGUAGGUGUUCGGACCGAGCGGUACAGGUAUAUUUUUAUAUACCACACCUUAGGGACAAAAGCCCGAGAGGAUAGGUUUCACUCGUA,..(((..((((((..((...((((((((....)))))..).)).))....))))))(((............)))...((((.(((.......)))..))))......))).......
333,5U3G,ssRNA,GGUGACUAGGGUUCCGGCGAAAGCCGGUCCGAGAGUUACCGACCGCCGAAAGGCGGUUACACGGCGGGAAAAAAGCCCGGGAGGA,((((((..((...(((((....))))).))....))))))(((((((....))))))).(.[...(((.......))).)..]..
336,8ITS,ssRNA,GGGAGUUAGACUCGCGAAAGCGAGGAACUGCGAAAGCAGUACUUCC,(((((.....(((((....)))))..(((((....))))).)))))
338,6N5K,ssRNA,GGUUGCCGAAUCCAUGAUUUGGUACGGAGGAACCGCUUUUUGGGGUUAAUCUGCAGUGAAGCUGCAGUAGGGAUACCUUCUGUCCCGCACCCGACAGCUAACUCCGGAGGCAAUAAAGGAAGGAG,...((((....(((.....)))..(((((....(.....(.{((((....((((((.....))))))..(((((.[[[[[[)))))..)))).)}.)....)))))..)))).....]]]]]]..
341,4JRC,ssRNA,GGAACCCUCUCUUCCGAAGCGAGCCGGGGGCGGUGGGAGCCCGGUGAAGACGGUUCC,((((((...(((((.....[..((((((..........]))))))))))).))))))
342,3OXD,ssRNA,GGCUCUGGAGAGAACCGUUUAAUCGGUCGCCGAACGAGCAAGCUCUGCGGAAACGCAGAGUGAAACUCUGAGGCAAAAGGACAGAGUC,(((((((....(.((((......)))))(((...((((...((((((((....))))))))....))).).))).......)))))))
343,2LUN,ssRNA,GGGCAGUGAUGCUUCGGCAUAUCAGCCC,((((.(..((((....))))..).))))
344,5LYV,ssRNA,GGGAUCUGUCACCCCAUUGAUCGCCUUCGGGCUGAUCUGGCUGGCUAGGCGGGUCCC,((((((((((.(((((..(((((((....))).)))))))..))...))))))))))
346,3MUR,dsRNA,GGUCACGCACAGGGCAAACCAUUCGAAAGAGUGGGACGCAAAGCCUCCGGCCUAAACCAUUGCACUCCGGUAGGUAGCGGGGUUAUCGAUGGG,...(.((......((...((((((....))))))..[))...(((.((((((((...(..........).))))).]))))))..[))...)]
347,1Y27,ssRNA,GGAUCAUAUAAUCGCGUGGAUAUGGCACGCAAGUUUCUACCGGGCACCGUAAAUGUCCGACUAUGGUC,.((((((((..(.(((((.....[[))))).)[.....)]((((((]].....))))))..)))))))
348,4RUM,ssRNA,GGGAACUGAGCAGGCAAUGACCAGAGCGGUCAUGCAGCCGGGCUGCGAAAGCGGCAACAGAUGAUUACACGCACAUCUGUGGGACAGUUCCCAC,((((((((..(.(((.((((((.....))))))...)))..(((((....))))).(((((((..........)))))))..).))))))))..
349,5KPY,ssRNA,GGACACUGAUGAUCGCGUGGAUAUGGCACGCAUUGAAUUGUUGGACACCGUAAAUGUCCUAACACGUGUCC,((((((......(.(((((.....[[))))))..(.......(((((]].....)))))...)..))))))
355,6WTL,ssRNA,GGUUGCCGAAUCCAUAUGUGGUACGGAGGAACCGCUUUUUGGGGUUAAUCUGCAGUGAAGCUGCAGUAGGGAUACCUUCUGUCCCGCACCCGACAGCUAACUCCGGAGGCAAUAAAGGAAGGAG,...((((....(((....)))..(((((....(.....(.{((((....((((((.....))))))..(((((.[[[[[[)))))..)))).)}.)....)))))..)))).....]]]]]]..
361,3Q3Z,ssRNA,GCGCGGAAACAAUGAUGAAUGGGUUUAAAUUGGGCACUUGACUCAUUUUGAGUUAGUAGUGCAACCGACCGUGCU,((((((..((......(((((((((.....{[[[[[[[.)))))))))...))....]]]]]}.]]..)))))).
362,1Y26,dsRNA,CGCUUCAUAUAAUCCUAAUGAUAUGGUUUGGGAGUUUCUACCAAGAGCCUUAAACUCUUGAUUAUGAAGUGA,((((((((((..((((((......[[.))))))[.....)]((((((]].....)))))).[)))))))))]
365,2VAZ,ssRNA,GGGCGAAUUCGAGCUCGGUACCCAACGUCGCGUAAAUUGUUUAACACUUUGCGUAACGUACACUGGGAUCGCUGAAUUAGAGAUCGGCGUCCUUUCAUUCUAUAUACUAAGGAGGUUAAAAUGUCUCUAA,..................................................................................................................................
367,7SHX,ssRNA,GGACCCAUAACCCACCUAGACCCUAGCUUCGGCUAGAGGGUCAACGCGAAAGCGAGGCCGGGUGGGCGGGUACGUCCGCCCUGGGGAGGGGUCC,((((((...((((.(...((((((((((..))))..))))))..(((....)))..)..))))(((((((....))))))).......))))))
369,6N5S,ssRNA,GGUUGCCGAAUCCAAAGUUGGUACGGAGGAACCGCUUUUUGGGGUUAAUCUGCAGUGAAGCUGCAGUAGGGAUACCUUCUGUCCCGCACCCGACAGCUAACUCCGGAGGCAAUAAAGGAAGGA,...((((....(((....)))..(((((....(.....(.{((((....((((((.....))))))..(((((.[[[[[[)))))..)))).)}.)....)))))..)))).....]]]]]].
370,6POM,dsRNA,GUUGCAGUGAGAGAAAGAAGUACUUGCGUUACCUCAUGAAAGCGACCUUAGGGCGGUGUAAGCUAAGGAUGAGCACGCAACGAAAGGCAUUCUUGAGCAAUUUUAAAAAAGAGGCUGGGAUUUUGUUCUCAGCAACUAGGGUGGAACCGCGGGAGAACUCUCGUCCCUAGCGGAAGUAGUUCAGUGGUAGAACACCACCUUGCCAAGGUGGGGGUCGCGGGUUCGAAUCCCGUCUUCCGCUCCA,.((((.....(((((........(((((....(((((.....[..((((((..........])))))))))))..))))).....[[[.)))))..)))).............(((((((......)))))))....[.[[((((...((((((....))))))]].].(((((((..((((....{..)))).(((((..]]]..))))).....(((((..}....))))))))))))))))
371,6K84,ssRNA,GGAGGAGGAGGAAGGAGGAGGAGGA,.........................
374,1XWU,ssRNA,CGAAACAUAGAUUCGA,((((.(...).)))).
382,6SY4,ssRNA,GGCCGGAGAAUGUUAUGGCGCGAAAGCGCAGAGAAAACCGG,...(((...........((((....))))........))).
384,4YAZ,ssRNA,GGUACACGACAAUACUAAACCAUCCGCGAGGAUGGGGCGGAAAGCCUAAGGGUCUCCCUGAGACAGCCGGGCUGCCGAAAUAUC,((((..((......((...((((((....))))))..[))...((((..(((((((...))))).]))))))...))...))))
389,5D5L,ssRNA,GGAAGGCCGAAAGGUCUUCCACGACGAUACUUAUUUCCUUUGAUCGUCGUUAUUACUGGCUUCGGCCACAAAGGAGA,((((((((....))))))))((((((((.......[[[[[..))))))))......((((....))))..]]]]]..
390,8F0N,ssRNA,GCGCCGGUUAGGCAGUGGUGGGUGGUGUGGAGGAGUAGCUGUCCGGCGC,((((((....((((((.........(..........)))))))))))))
393,3IRW,ssRNA,GGUCACGCACAGGGCAAACCAUUCGAAAGAGUGGGACGCAAAGCCUCCGGCCUAAACCGAUUGCACUCCGGUAGGUAGCGGGGUUACCGAUG,...((((......((...((((((....))))))..[))...(((.(((((((...((...........)).)))).]))))))...)).))
396,8HZL,ssRNA,GGAAGAUUGUAAACAGCGAGAUUGUAAACAGCGAGAUUGUAAACAUGCCGAAAGGCAGACACUCGCGACACUCGCGACACUUUC,(((((..........(((((..........(((((..........((((....))))....)))))....)))))....)))))
398,2MIY,ssRNA,GCUUGGUGCUUAGCUUCUUUCACCAAGCAUAUUACACGCGGAUAACCGCCAAAGGAGAA,((((((((.....[[[[[[.)))))))).........((((....))))..]]]]]]..
399,7UQ6,ssRNA,GCGGAAGUAGUUCAGUGGUAGAACACCGGGUGGAACCCCAGGAAACUGGCCCGGGUCGCGCGGGUUCGAGUCCCGUCUUCCGCUCC,(((((((..((((....[..)))).(((((.......((((....))))))))).....(((((..]....))))))))))))...
400,7MSF,ssRNA,UCGCCAACAGGCGG,.((((....)))).
401,7MSF,ssRNA,UCGCCAACAGGCG,..(((....))).
407,5FKE,ssRNA,GGCUUAUCAAGAGAGGGUGAGCGACUGGCGCGAAGAGCCCCGGCAACCAGAAAUGGUGCCAAUUCCUGCAGCGGAAACGUUGAAAGAUGAGCCG,((((((((....(.((((..(((.[.[[))).....)))))(((..(((....))).)))...(]].](((((....)))))..))))))))).
408,6UFM,dsRNA,GGGCCUAUAGCUCAGGCGGUUAGAGCGCUUCGCUGAUAACGAAGAGGUCGGAGGUUCGAGUCCUCCUAGGCCCACCAGGCGACGAUCCGGCCAUCACCGGGGAGCCUUCGGAAGAACGGCGCCGCCGGAAACGGCGGCGCUCAGUAGAACCGAACGGGUGAGCCCGUCACAGCUC,(((((((..((((.....{...)))).(((((..[[[..))))).....(((((..}....))))))))))))....(((......((((..]]].))))...)))(((((......((((((((((....))))))))))........)))))[[[..((((]]].....))))
409,6N5Q,ssRNA,GGUUGCCGAAUCCACCUAGAAAUGGUACGGAGGAACCGCUUUUUGGGGUUAAUCUGCAGUGAAGCUGCAGUAGGGAUACCUUCUGUCCCGCACCCGACAGCUAACUCCGGAGGCAAUAAAGGAAGGAG,...((((....(((........)))..(((((....(.....(.{((((....((((((.....))))))..(((((.[[[[[[)))))..)))).)}.)....)))))..)))).....]]]]]]..
410,2KZL,ssRNA,GGGAGUAAAGAUUGAGACAAGUAGGACUUCGGUCCGAAUACACUCAUGAACUCCC,((((((......((((.......((((....)))).......))))...))))))
411,3V7E,ssRNA,GGCUUAUCAAGAGAGGUGGAGGGACUGGCCCGAUGAAACCCGGCAACCACUAGUCUAGCGUCAGCUUCGGCUGACGCUAGGCUAGUGGUGCCAAUUCCUGCAGCGGAAACGUUGAAAGAUGAGCCA,((((((((....(.(((...(((.[.[[)))......))))(((..(((((((((((((((((((....))))))))))))))))))).)))...(]].](((((....)))))..))))))))).
414,6PMO,dsRNA,GCGGAAGUAGUUCAGUGGUAGAACACCACCUUGCCAAGGUGGGGGUCGCGGGUUCGAAUCCCGUCUUCCGCUCCAGAAAGUGGGUGCGCGUUUGGCGCAUCAACUCGGGUGGAACCGCGGGAGCUACGCUCUCGUCCCGAG,(((((((..((((....[..)))).(((((.......))))).....(((((..]....))))))))))))[[[[.......(.(((((.....))))).)..((((((]]]]...((((((((...))))))))))))))
415,5NDH,dsRNA,GCGGGGACGACCCCGCGCGGGGACGACCCCGC,((((((.[[.))))))((((((.]].))))))
417,1XWP,ssRNA,GGAGAUCGCACUCCA,((((......)))).
418,6E8T,ssRNA,GUACGAAGGAAGGUUUGGUAUGUGGUAUAUUCGUAC,(((((((......................)))))))
426,6WLK,ssRNA,GGCGAUAUGGCAUGGAAUCAGCUCAAGGAACUGUGAACGUAUAUCGGGCAACGACUAGGAAACUAGUCGUUGGGAAGAAACUGCCGAUAUACGGGAGUUCCUUGAGCGGGAGAUUCCAUGCCUAAGUCGC,.(((((.((((((((((((.((((((((((((.....((((((((((.((((((((((....))))))))))...........))))))))))..))))))))))))....)))))))))))..))))))
428,5FK6,ssRNA,GGCUUAUCAAGAGAGGGAGAGCGACUGGCGCGAAGACCCCCGGCAACCAGAAAUGGUGCCAAUUCCUGCAGCGGAAACGUUGAAAGAUGAGCCA,((((((((....(.(((...(((.[.[[)))......))))(((..(((....))).)))...(]].](((((....)))))..))))))))).
432,3MXH,dsRNA,GGUCACGCACAGGGCAAACCAUUCGAAAGAGUGGGACGCAAAGCCUCCGGCCUAAACCAUUGCACUCCGGUAGGUAGCGGGGUUACCGAUGGG,...(.((......((...((((((....))))))..[))...(((.((((((((..((..........))))))).]))))))..[))...)]
434,6CC1,ssRNA,GAAAGGGGAGUAGCGUCGGGAAACCGAAACAAAGUCGUCAUUACGUGAGGAAACUCACCGGCUUUGUUGACAUACGAAAGUAUGUUUAGCAAGACCUUUCC,.....(......((.((((....))))(((.(((.((.......(((((....))))))).))).))).((((((....))))))...))....)......
435,6CC1,dsRNA,GAAAGGGGAGUAGCGUCGGGAAACCGAAACAAAGUCGUCAUUACGUGAGGAAACUCACCGGCUUUGUUGACAUACGAAAGUAUGUUUAGCAAGACCUUUCCGG,.(((((......((.((((....))))(((((((.((.......(((((....))))))).)))))))(((((((....)))))))..))....)))))(..)
436,6N5N,ssRNA,GGUUGCCGAAUCCGAUGCUCGGUACGGAGGAACCGCUUUUUGGGGUUAAUCUGCAGUGAAGCUGCAGUAGGGAUACCUUCUGUCCCGCACCCGACAGCUAACUCCGGAGGCAAUAAAGGAAGGAG,...((((....(((.....)))..(((((....(.....(.{((((....((((((.....))))))..(((((.[[[[[[)))))..)))).)}.)....)))))..)))).....]]]]]]..
440,3EGZ,ssRNA,GAGGGAGAGGUGAAGAAUACGACCACCUAGGUACCAUUGCACUCCGGUACCUAAAACAUACCCUC,(((((...((((...........))))((((((((..........)))))))).......)))))
442,8TVZ,ssRNA,GGAAUCUCGCCCGAUGUUCGCAUCGGGAUUUGCAGGUCCAUGGAUUACACCAUGCAACGCAGACCUGUAGAUGCCACGCUAGCCGUGGUGAGGGUCGGGUCCAGAUGUCAUUCGACUUUAACGCGCCUAAGCGUUGAAGGCGUGUUAGAGCAGAUAGUUCGCUAUCUGGGGAGCCUGUUCGCAGGCUCAGGAGCCUUCGGGCUCCUAGCGCUAUUACCCCGGACACCACCGGGCAGACAAGUAAUGGUGCUCCUCGAAUGACUUCUGUUGAGUAGAGUGUGGGCUCCGCGGCUAGUGUGCACCUUAGCGGUGAAUGUCUGACACCGUUAAGGUGGUUACUCUUCGGAGUAACGCCGAGAUUCC,((((((((((((((((....)))))))((((.(((((((((((......)))))[[[[[[.)))))).))))((((((((((((((((.(.....(...((((((.((((((((((((((((.(((((..]]]]]].))))).)))))))(((((((....)))))))(((((((((....)))))))(((((((....)))))))((((((((((((((((......)))))[[[[[[.)))))))))))))))))))))).))))..)).........)..).))))))))))))))(((((((((((((..]]]]]].)))))))))))))(((((((....))))))))))))))))))
444,7OAW,dsRNA,GGCUAGCUGGAGGGGCGCCAGUUCGCUGGUGGUUGGGUGCGGUCGGCUAGCCGGCUAGCUGGAGGGGCGCCAGUUCGCUGGUGGUUGGGUGCGGUCGGCUAGCCGGCUAGCUGGAGGGGCGCCAGUUCGCUGGUGGUUGGGUGCGGUCGGCUAGCCGGG,.(((((((.(....(((((((....)))))........))...))))))))(.(((((((.(....(((((((....)))))........))...))))))))[.(((((((.(....(((((((....)))))........))...)))))))){)]}
448,5LYU,ssRNA,GGGGAUCUGUCACCCCAUUGAUCGCCUUCGGGCUGAUCUGGCUGGCUAGGCGGGUCCC,.((((((((((.(((((..(((((((....))).)))))))..))...))))))))))
450,7U0Y,ssRNA,GGUACCUACCAAUCGUAGCGUGUCGACCAGCUGCGAAACACGCAGCUGGCACUGGCGCUGUAGGUAC,.((((((((.......(((((...(.(((((((((.....)))))))))..)..)))))))))))))
451,2EEU,ssRNA,GGACAUAAAAUCGCGUGGAUAUGGCACGCAAGUUUCUUCCGGGCACCGUAAAUGUCCGACUAUGUCC,((((((((..(.(((((.....[[))))).)[.....)]((((((]].....))))))..)))))))
454,5MSF,ssRNA,CCGGAGGAUCACCACGGG,(((..((....)).))).
455,5MSF,ssRNA,CCGGAGGAUCACCACGG,.((..((....)).)).
457,4Y1M,dsRNA,GAUUUGGGGAGUAGCCGAUUUCCGAAAGGAAAUGUACGUGUCAACAUUUUCGUUGAAAAACGUGGCACGUACGGACUGAAGAAAUUCAGUCAGGCGAGACCAUAUCCGAUUUGGGGAGUAGCCGAUUUCCGAAAGGAAAUGUACGUGUCAACAUUUUCGUUGAAAAACGUGGCACGUACGGACUGAAGAAAUUCAGUCAGGCGAGACCAUAUCCGGGGACAUAUAAUCGCGUGGAUAUGGCACGCAAGCUUCUACCGGGCACCGUAAAUGUCCGACUAUGUCC,(((.(((......(((.((((((....))))))((((((((((.......((((....)))))))))))))).(((((((....))))))).)))....))).)))(((..(((......(((..................(.(((((((.......(((......)))))))))).).....................)))....)))..))[)]((((((((..(.(((((.....[[))))).)[.....)]((((((]].....))))))..)))))))
458,2AU4,ssRNA,GGGACGAAGUGGUUGGGCGCUUCGGCGUGUGAAAACGUCCC,((((((.......(..((((....))))....)..))))))
461,4FEP,ssRNA,GGACAUAUAUACGCGUGGAUAUGGCACGCGAGUUUCUACCGGGCACCGUAAAUGUCCGAUUAUGUCC,((((((((...((((((.....[[)))))).[.....)]((((((]].....))))))..)))))))
473,4M4O,ssRNA,GGGUUCAUCAGGGCUAAAGAGUGCAGAGUUACUUAGUUCACUGCAGACUUGACGAACCC,((((((.(((((.((.......((((.(.(.[..)]..).)))))).))))).))))))
475,3AHU,ssRNA,AGAGAG,......
0,4GXY,ssRNA,GGCGGCAGGUGCUCCCGACCCUGCGGUCGGGAGUUAAAAGGGAAGCCGGUGCAAGUCCGGCACGGUCCCGCCACUGUGACGGGGAGUCGCCCCUCGGGAUGUGCCACUGGCCCGAAGGCCGGGAAGGCGGAGGGGCGGCGAGGAUCCGGAGUCAGGAAACCUGCCUGCCGUC,((((((((((.(((.(((........)).)))).....((....(((((.......)))))[[((.....)).(((...(((...(((((((.((.......(((.((((((....))))))...))).)).)))))))......)))..]]))).....))))))))))))
1,4FRG,ssRNA,GGCCUAAAAGCAUAGUGGGAAAGUGACGUGAAAUUCGUCCAGAUGCGAAAGCAUACGGUUAUACUCCGAAUGCCACCUAGGCCA,((((((....[...((((....(.((((.......)))))[[((((....)))).(((.....]])))...])))).)))))).
2,4FRN,ssRNA,GGGCUAAAAGCAUGGUGGGAAAGUGACGUGUAAUUCGUCCACAUUACUUGAUACGGUUAUACUCCGAAUGCCACCUAGCCCAAAGUAGAGCAAGGAGACUCA,((((((....{..(((((....(.((((.......))))){.(([.[[[[)).(((......})))...})))))))))))......(((]]]]...]))).
3,6VMY,ssRNA,GGUCAAAUAGGUGCCGGUCCGUGAACAACAGCCGGCUUAAAAGGGAAACCGGUAAAAGCCGGUGCGGUCCCGCCACUGUAAUUGGCCAAGCGCCAAGAGCCAGGAUACCUGCCUGUUUGAUCAGCACGAAUUCUGCGAGGACAGAUGA,((((((((((((((((((.[((.....)).)))))).....(((...(((((......)))))[[((.....)).(((...(((((.....)))))..]])))]...)))))))))))))))..(.....((........).)...).
4,4GMA,ssRNA,GGUUAAAGCCUUAUGGUCGCUACCAUUGCACUCCGGUAGCGUUAAAAGGGAAGACGGGUGAGAAUCCCGCGCAGCCCCCGCUACUGUGAGGGAGGACGAAGCCCUAGUAAGCCACUGCCGAAAGGUGGGAAGGCAGGGUGGAGGAUGAGUCCCGAGCCAGGAGACCUGCCAUAAGGUUUUAGAAGUUCGCCUUCGGGGGGAAGGUGAACA,.....(..((((((((((((((((..........))))))).....((....(.((((.......))))){{(([[[[[[)).(((...((((...(....(.(......(((.(((((....)))))...))).).)....)......))))..}}))).....))))))))))).)......(((..((((]]]]].]))))..))).
5,3F2Q,ssRNA,GGAUCUUCGGGGCAGGGUGAAAUUCCCGACCGGUGGUAUAGUCCACGAAAGUAUUUGCUUUGAUUUGGUGAAAUUCCAAAACCGACAGUAGAGUCUGGAUGAGAGAAGAUUC,((((((((......(((.......))).[[((((((....[[))))..((((....))))...(((((.......)))))]])).(((....]]))).......))))))))
11,3F4E,dsRNA,GGAUCUUCGGGGCAGGGUGAAAUUCCCGACCGGUGGUAUAGUCCACGAAAGCUUGCUUUGAUUUGGUGAAAUUCCAAAACCGACAGUAGAGUCUGGAUGAGAGAAGAUUC,((((((((......(((.......))).[[((((((....[[))))...(((..)))....(((((.......)))))]])).(((....]]))).......))))))))
14,2YIF,dsRNA,GGAUCUUCGGGGCAGGGUGAAAUUCCCGACCGGUGGUAUAGUCCACGAAUCCAUGGAUUGAUUUGGUGAAAUUCCAAAACCGACAGUAGAGUCUGGAUGAGAGAAGAUUCG,((((((((......(((.......))).[[((((((....[[))))..((((..))))...(((((.......)))))]])).(((....]]))).......)))))))).
22,6WJR,ssRNA,GGAUCUUCGGGGCAGGGUGAAAUUCCCGACCGGUGGUAUAGUCCACGAAAGUAUUUGCUUUGAUUUGGUGAAAUUCCAAAACCGACAGUAGAGUCUGGAUGAGAGAAGAUU,.(((((((......(((.......))).[[((((((....[[))))..(((......)))...(((((.......)))))]])).(((....]]))).......)))))))
23,6WJS,ssRNA,GGAUCUUCGGGGCAGGGUGAAAUUCCCGACCGGUGGUAUAGUCCACGAAAGUAUUUGCUUUGAUUUGGUGAAAUUCCAAAACCGACAGUAGAGUCUGGAUGAGAGAAGA,.....(((......(((.......))).[[((((((....[[))))..(((......)))...(((((.......)))))]])).(((....]]))).......)))..
24,3SUY,ssRNA,GGACAGAGUAGGUAAACGUGCGUAAAGUGCCUGAGGGACGGGGAGUUGUCCUCAGGACGAACACCGAAAGGUGGCGGUACGUUUACCGCAUCUCGCUGUUC,..........(((((((((((((......(((((((((..[[[[..).)))))))).....((((....))))))).))))))))))...]]]].......
27,3SD3,ssRNA,GGAGAGUAGAUGAUUCGCGUUAAGCGUGUGUGAAUGGGAUGUCGUCACACAACGAAGCGAGAGCGCGGUGAAUCAUUGCAUCCGCUCCA,((((....((((((((((((......(((((((...[[[[[...))))))).....((....))))).))))))))).]]]]].)))).
28,4LVV,ssRNA,GGAGAGUAGAUGAUUCGCGUUAAGUGUGUGUGAAUGGGAUGUCGUCACACAACGAAGCGAGAGCGCGGUGAAUCAUUGCAUCCGCUCCA,((((....((((((((((((......(((((((...[[[[[...))))))).....((....))))).))))))))).]]]]].)))).
36,7WI9,ssRNA,GGCGUGGUCCGUUCAACUCGUUCCUCGAAAGAGGAACUACGGGAGACGCC,(((((..(((((.......(((((((....))))))).)))))..)))))
37,7WIA,ssRNA,GGCGUGGUCCGUUCAAGUCGUUCCUCGAAAGAGGAACUACGGGAGACGCC,(((((..(((((.......(((((((....))))))).)))))..)))))
42,2GDI,dsRNA,GGACUCGGGGUGCCCUUCUGCGUGAAGGCUGAGAAAUACCCGUAUCACCUGAUCUGGAUAAUGCCAGCGUAGGGAAGUUCGGACUCGGGGUGCCCUUCUGCGUGAAGGCUGAGAAAUACCCGUAUCACCUGAUCUGGAUAAUGCCAGCGUAGGGAAGUUC,(((((((((.((((.(((.[[..))))))......)..)))).....(((...((((......))))...)))..)))))(((((((((.((((.(((.]]..))))))......)..)))).....(((...((((......))))...)))..)))))
43,2CKY,ssRNA,GGGACCAGGGGUGCUUGUUCACAGGCUGAGAAAGUCCCUUUGAACCUGAACAGGGUAAUGCCUGCGCAGGGAGUGUC,..((((((((..(((((....))))).........)))).....(((...((((......))))...)))..).)))
44,2HOJ,ssRNA,GCGACUCGGGGUGCCCUUCUGCGUGAAGGCUGAGAAAUACCCGUAUCACCUGAUCUGGAUAAUGCCAGCGUAGGGAAGUCGCA,((((((((((.((((............)))......)..)))).....(((...((((......))))...)))..)))))).
53,3K0J,ssRNA,GCGACUCGGGGUGCCCUCCAUUGCACUCCGGAGGCUGAGAAAUACCCGUAUCACCUGAUCUGGAUAAUGCCAGCGUAGGGAAGUCGC,((((((((((.((((.(((..........))))))......)..)))).....(((...((((......))))...)))..))))))
67,8F4O,dsRNA,GCGACUCGGGGUGCCCUUCUGCGUGAAGGCUGAGAAAUACCCGUAUCACCUGAUCUGGAUAAUGCCAGCGUAGGGAAGUCGCAGCGACUCGGGGUGCCCUUCUGCGUGAAGGCUGAGAAAUACCCGUAUCACCUGAUCUGGAUAAUGCCAGCGUAGGGAAGUCG,...(((((((.((((.((......)).)))......)..)))).....((([[[[(((......))){...)))..))).....(((((((((.((................)......)..)))).....(((]]]](((......)))...})))..)))))
68,2GIS,ssRNA,GGCUUAUCAAGAGAGGUGGAGGGACUGGCCCGAUGAAACCCGGCAACCAGAAAUGGUGCCAAUUCCUGCAGCGGAAACGUUGAAAGAUGAGCCA,((((((((....(.(((...(((.[.[[)))......))))(((..(((....))).)))...(]].](((((....)))))..))))))))).
69,3GX2,ssRNA,GGCUUAUCAAGAGAGGUGGAGGGACUGGCCCGACGAAACCCGGCAACCAGAAAUGGUGCCAAUUCCUGCAGCGGAAACGUUGAAAGAUGAGCCG,((((((((....(.(((...(((.[.[[)))......))))(((..(((....))).)))...(]].](((((....)))))..))))))))).
73,3GX7,ssRNA,GGCUUCGCAAGAGAGGUGGAGGGACUGGCCCGACGAAACCCGGCAACCAGAAAUGGUGCCAAUUCCUGCAGCGGAAACGUUGAAAGCGGAGCCG,((((.(((....(.(((...(((.[.[[)))......))))(((..(((....))).)))...(]].](((((....)))))..)))).)))).
74,3IQN,ssRNA,GGCUUAUCAAGAGAGGUGGAGGGACUGGCCCGAUGAAACCCGGCAGCCAGAAAUGGUGCCAAUUCCUGCAGCGGAAACGUUGAAAGAUGAGCCG,((((((((....(.(((...(((.[.[[)))......))))(((..(((....))).)))...(]].]((.((....)).))..))))))))).
75,3IQP,ssRNA,GGCUUAUCAAGAGAGGUGGAGGGACUGGCCCGAUGAAACCCGGCAACCAGAAAUGGUGCCAAUUCCUGCAGCGGAAACGUUGAAAGAUGAGCCG,((((((((....(.(((...(((.[.[[)))......))))(((.((((....)))))))...(]].](((((....)))))..))))))))).
77,4KQY,ssRNA,GUUCUUAUCAAGAGAAGCAGAGGGACUGGCCCGACGAAGCUUCAGCAACCGGUGUAAUGGCGAAAGCCAUGACCAAGGUGCUAAAUCCAGCAAGCUCGAACAGCUUGGAAGAUAAGAAC,(((((((((....(((((...(((.[[[[)))......)))))(((..(((((...(((((....))))).)))..)).)))...(]]]](((((.......)))))..))))))))))
78,2YGH,ssRNA,GGCUUAUCAAGAGAGGUGAAGGGACUGGCCCGACGAAACCCGGCAACCAGAAAUGGUGCCAAUUCCUGCAGCGGAAACGUUGAAAGAUGAGCCGA,((((((((....(.(((...(((.[.[[)))......))))(((..(((....))).)))...(]].](((((....)))))..)))))))))..
79,2YDH,ssRNA,GGCUUAUCAAGAGAGGUUUAGGGACUGGCCCGACGAAACCCGGCAACCAGAAAUGGUGCCAAUUCCUGCAGCGGAAACGUUGAAAGAUGAGCCG,((((((((....(.(((...(((.[.[[)))......))))(((..(((....))).)))...(]].](((((....)))))..))))))))).
80,4AOB,ssRNA,GGCUUAUCAAGAGAGGGCAAGAGACUGGCUUGAUGACCCCCGGCAACCAAAAAUGGUGCCAAUUCCUGCAGAGGAAACGUUGAAAGAUGAGCCA,((((((((....(.(((...(((.[.[[)))......))))(((..(((....))).)))...(]].](((.(....).)))..))))))))).
81,4B5R,ssRNA,GGCUUAUCAAGAGAGGGGGAGCGACUGGCGCGAAGAACCCCGGCAACCAGAAAUGGUGCCAAUUCCUGCAGCGGAAACGUUGAAAGAUGAGCCG,((((((((....(.(((...(((.[.[[)))......))))(((..(((....))).)))...(]].](((((....)))))..))))))))).
82,7EAF,ssRNA,GGCUUAUCAAGAGAGGGCGAGGGACUGGCCCGACGACCCCCGGCAACCAGAAAUGGUGCCAAUUCCUGCAGCGGAAACGUUGAAAGAUGAGCCG,((((((((....(.(((...(((.[.[[)))......))))(((..(((....))).)))...(]].](((((....)))))..))))))))).
83,7EAG,dsRNA,GUCUAUGAAGGCUGGAGACGUCUAUGAAGGCUGGAGACGUCUAUGAAGGCUGGAGACGUCUAUGAAGGCUGGAGACGUCUAUGAAGGCUGGAGACGUCUAUGAAGGCUGGAGACGGAUCACGAGGGGGAGACCCCGGCAACCUGGGACGGACACCCAAGGUGCUCACACCGGAGACGGUGGAUCCGGCCCGAGAGGGCAACGAAGUCCGU,(((..[...((((...((()))..{...))))...)))(((....].((...................))...)))(((....}.((((...((()))......))))...)))(((((....((((....))))(((..((((((.[[[[..))).))).)))..(((((....)))))))))).((((....)))).......]]]].
84,4OQU,ssRNA,GGAUCACGAGGGGGAGACCCCGGCAACCUGGGACGGACACCCAAGGUGCUCACACCGGAGACGGUGGAUCCGGCCCGAGAGGGCAACGAAGGUCCGA,(((((....((((....))))(((..((((((.[[[[[.))).))).)))..(((((....)))))))))).((((....)))).......]]]]].
85,2QWY,ssRNA,GCGCGGCGAUUUAACCGUAUUGCAGUCGCGUGAUAAAUGUAGCUAAAAAGGA,.[[[[[[.......((...(((((]]]]]].........).)).))...)).
86,3E5C,ssRNA,GUUCCCGAAAGGAUGGCGGAAACGCCAGAUGCCUUGUAACCGAAAGGGGGAAU,((((((..((((.(((((....)))))....))))....((....))))))))
89,6C27,ssRNA,GGGACAAGUUCCCGAAAGGAUGGCGGAAACGCCAGAUGCCUUGUCCC,.(((((((.(((.....)))(((((....))))).....))))))).
92,6FZ0,ssRNA,AGGCGCAUUUGAACUGUAUUGUACGCCUUGCAUAAAGCAAAAGUACUAAAAA,[[[[..............((((((]]]]((.......))...)))).))...
93,6LAS,ssRNA,GGCAUUGUGCCUCGCAUUGCACUCCGCGGGGCGAUAAGUCCUGAAAAGGGAUGUC,((((((..(((((((..........))))))).......(((....)))))))))
94,6LAU,dsRNA,GGCAUUGUGCCUCGCAUUGCACUCCGCGGGGCGAUAAGUCCUGAAAAGGGAUGUCAGA,.(((((..(((((((..........))))))).......(((....))))))))(.).
96,6LAX,ssRNA,GGCAUCGUGCCUCGCAUUGCACUCCGCGGGGCGAUAAGUCCUGAAAAGGGAUGUC,((((((..(((((((..........))))))).......(((....)))))))))
98,6HAG,ssRNA,GUCACAACGGCUUCCUGACGUGGCAGAUUGAAUUAUUGGAGCA,(((((..(.[[[.[[.)..))))).............]]]]].
99,6YML,dsRNA,GGUCACAACGGCUUCCUGGCGUGACCAUUGGAGCA,((((((..(.[[[.[[.)..))))))...]]]]].
101,3NPN,ssRNA,GGACGAGGAGCGUUGCAAGCGAAAGCCCAGGCUAGUCCGUUCAAACGGCGCUCA,...[.[[(((((...[..((....))...(]]].]..........)..))))).
102,3NPQ,ssRNA,GGACGAGGAGCGCUGCAAGCGAGAGCCCAGGCUCGUCCGUUCAAACGGCGCUCA,...[[[[((((((..[..((....))...(]]]]]..........).)))))).
103,6TB7,ssRNA,GGCUUCAACAACCCCGUAGGUUGGGCCGAAAGGCAGCGAAUCUACUGGAGCC,(((((((.....[[.((((((((.(((....))).])]))))))))))))))
112,7D7V,dsRNA,GCGCAACAUCCCCGCCGGUUGGGCGCAUUGCACUCCGCGCAGUGAACCGGCUGCGCCG,(((((.....[[.((((((((.((((..........)))).])]))))))))))))()
113,7D7W,dsRNA,GCUUCAACAACCCCGUAGGUGGGGACGAAAGUCAGCGCACCUACUGGAGCCG,((((((.....[[.((((((((.(((....))).])])))))))))))))()
114,7D7X,dsRNA,GCUUCAACAACCCCGUAGGUGGGGACGAAAGUCAGCGCACCUACUGGAGCCGA,((((((.....[[.((((((((.(((....))).])])))))))))))))().
117,7D81,ssRNA,GGUUUCAACAUCCCCGUUCGGCGCUCGAAAGAGGUGGCCGGACUGAAGCC,(((((((........(((((((.(((....)))...))))))))))))))
119,8HB1,dsRNA,AGAGCGUUGCGUCCGAAAGUCGCCGCGACACGGCUCUUUAAAAACAAAAGGAGA,.(((((...[.[[[....(((((.))))).).)))).............]]]].
120,8HB3,dsRNA,AGAGCGUUGCGUCCGAAAGUCGCCGCGACACGGCUCUUUAAAAACAAAAGGAGAA,.(((((...[.[[[....(((((.))))).).)))).............]]]]..
121,8HB8,ssRNA,GCGGCGUUGCGUCCGAAAGUCUAAACAGACACGGCCGCUUAAAAACAAAAGGAGA,((((((...[.[[[....(((......))).).)))))............]]]].
122,8HBA,ssRNA,CGCGGCGUUGCGUCCGAAAGUCUAAACAGACACGGCCGCUUAAAAACAAAAGGAGA,.((((((...[.[[[....((........)).).)))))............]]]].
